floor,seed,mobile,specialist,reactive,boss,passive,sources,toads,bears,wolves,bats,zombies,spiders,ants,gnomes,giant_tree,timber,snake,spider_cave,bear_den,root_maze,river,open_sectors,ant_colony,mushroom_district,major,minor
1,1,20,1,10,0,6,0,0,6,0,5,11,0,4,0,0,0,0,0,1,1,1,0,1,1,1,5
1,2,32,0,7,0,10,0,0,1,0,9,9,0,0,6,0,0,0,0,0,0,1,0,0,1,1,0
1,3,32,0,0,0,7,0,0,0,0,12,15,0,0,0,0,0,0,0,0,0,0,0,0,0,0,5
1,4,51,0,1,0,2,0,0,1,0,9,2,10,0,0,0,0,1,1,0,0,1,0,0,0,1,0
1,5,36,2,4,0,13,0,0,0,0,18,13,0,4,0,1,0,0,0,0,1,0,1,1,0,2,0
1,6,34,0,1,0,3,0,0,1,0,6,2,10,0,0,0,0,1,1,0,0,0,0,0,0,0,0
1,7,39,0,0,0,3,0,0,0,0,13,4,20,0,0,0,0,0,1,0,0,0,0,0,0,0,0
1,8,20,0,1,0,9,0,0,1,0,7,6,0,0,0,0,0,0,0,0,0,0,0,0,0,0,0
1,9,30,0,11,0,8,0,0,2,0,13,8,0,9,0,0,0,0,0,0,0,1,0,1,0,7,6
1,10,61,0,4,0,5,0,0,4,0,18,12,19,0,0,0,1,0,1,0,0,1,0,0,0,1,5
1,11,48,0,6,0,1,0,0,1,0,7,11,0,0,5,0,0,1,0,0,0,1,1,0,1,0,4
1,12,28,0,2,0,5,0,0,2,0,8,5,0,0,0,0,0,0,0,0,0,1,1,0,0,1,0
1,13,26,0,7,0,5,0,0,4,0,15,8,0,0,3,0,0,0,0,1,0,0,0,0,1,8,0
1,14,34,0,0,0,5,0,0,0,0,8,18,6,0,0,1,0,0,0,0,0,0,0,0,0,0,6
1,15,32,4,0,0,7,0,0,0,0,16,6,0,0,0,0,1,0,0,0,1,0,0,0,1,0,4
1,16,37,0,0,0,6,0,0,0,0,9,8,3,0,0,1,0,1,0,0,0,0,0,0,0,0,6
1,17,21,3,9,0,11,0,0,0,0,8,6,0,5,4,0,0,0,0,0,1,1,1,1,1,0,0
1,18,35,0,5,0,4,0,0,5,0,12,12,9,0,0,1,0,0,0,1,0,0,0,0,0,0,6
1,19,38,0,4,0,5,0,0,4,0,16,14,0,0,0,0,1,0,0,1,0,0,1,0,0,2,5
1,20,35,0,2,0,4,0,0,2,0,8,14,0,0,0,0,0,0,0,0,0,1,0,0,0,1,0
1,21,34,0,12,0,9,0,0,1,0,12,16,0,0,11,0,0,0,0,0,0,1,1,0,1,8,6
1,22,29,0,6,0,10,0,0,1,0,13,13,0,5,0,1,0,0,0,0,0,0,1,1,0,0,0
1,23,27,0,6,0,9,0,0,6,0,10,8,0,0,0,0,0,0,0,1,0,1,0,0,0,1,0
1,24,33,0,20,0,6,0,0,4,0,2,8,17,10,6,0,0,0,1,0,0,1,0,1,1,1,6
1,25,40,0,2,0,7,0,0,0,0,18,16,0,0,2,0,0,0,0,0,0,1,1,0,1,0,4
1,26,28,0,5,0,1,0,0,5,0,8,5,0,0,0,0,0,1,0,0,0,0,1,0,0,0,0
1,27,36,0,20,0,3,0,0,5,0,18,12,0,11,4,0,0,0,0,1,0,0,1,1,1,7,6
1,28,38,0,1,0,5,0,0,1,0,19,8,4,0,0,1,0,0,0,0,0,0,0,0,0,2,0
1,29,36,0,0,0,4,0,0,0,0,14,5,0,0,0,0,0,1,0,0,0,0,1,0,0,0,0
1,30,42,0,0,0,2,0,0,0,0,16,5,18,0,0,1,0,0,1,0,0,0,1,0,0,0,5
1,31,34,0,2,0,13,0,0,2,0,7,11,0,0,0,0,0,0,0,0,0,1,0,0,1,1,4
1,32,28,0,8,0,4,0,0,1,0,10,7,0,0,7,0,0,0,0,0,0,1,1,0,1,8,6
1,33,38,1,2,0,8,0,0,2,0,12,7,5,0,0,1,0,0,0,0,1,1,0,0,1,1,6
1,34,49,0,9,0,8,0,0,1,0,25,8,0,6,2,0,1,0,0,0,0,1,0,1,1,1,0
1,35,25,0,9,0,6,0,0,0,0,9,15,0,0,9,0,0,0,0,0,0,0,0,0,1,0,5
1,36,47,0,2,0,10,0,0,2,0,29,8,0,0,0,0,1,0,0,1,0,1,1,0,0,1,0
1,37,42,0,0,0,8,0,0,0,0,20,11,0,0,0,0,1,0,0,0,0,0,1,0,0,2,4
1,38,23,2,1,0,14,0,0,1,0,5,15,0,0,0,0,0,0,0,0,1,1,0,0,0,0,0
1,39,35,4,5,0,4,0,0,5,0,13,7,0,0,0,0,0,1,0,1,1,0,1,0,0,0,6
1,40,37,0,12,0,11,0,0,3,0,9,8,20,9,0,0,0,0,1,1,0,0,0,1,0,0,0
1,41,21,1,7,0,15,0,0,7,0,10,2,0,0,0,0,0,0,0,0,1,1,0,0,1,0,4
1,42,31,0,6,0,3,0,0,1,0,12,10,0,0,5,0,0,0,0,0,0,1,0,0,1,8,6
1,43,32,0,2,0,4,0,0,2,0,6,9,0,0,0,0,0,0,0,0,0,1,0,0,0,1,0
1,44,20,0,1,0,3,0,0,1,0,10,8,0,0,0,0,0,0,0,0,0,1,0,0,0,0,0
1,45,29,0,3,0,3,0,0,3,0,11,14,0,0,0,0,0,0,0,1,0,0,1,0,0,0,5
1,46,33,0,8,0,5,0,0,3,0,12,10,0,5,0,0,0,0,0,1,0,1,0,1,0,1,5
1,47,38,0,4,0,8,0,0,4,0,12,9,0,0,0,0,0,1,0,1,0,1,0,0,0,1,0
1,48,23,1,0,0,11,0,0,0,0,7,14,0,0,0,0,1,0,0,0,1,0,0,0,0,0,6
1,49,19,0,9,0,1,0,0,4,0,12,3,0,5,0,0,0,0,0,1,0,0,0,1,0,0,0
1,50,58,3,3,0,9,0,0,3,0,27,21,0,0,0,1,0,0,0,1,1,1,1,0,0,0,6
1,51,29,0,1,0,9,0,0,1,0,10,13,0,0,0,0,0,0,0,0,0,1,1,0,0,0,0
1,52,49,3,4,0,5,0,0,0,0,15,8,0,4,0,0,0,1,0,0,1,1,0,1,0,1,0
1,53,16,0,11,0,5,0,0,1,0,10,3,0,0,10,0,0,0,0,0,0,0,0,0,1,8,0
1,54,35,0,1,0,14,0,0,1,0,23,5,0,0,0,0,0,0,0,0,0,0,1,0,0,0,0
1,55,39,0,1,0,5,0,0,1,0,18,11,0,0,0,1,0,0,0,0,0,1,1,0,0,1,6
1,56,25,3,10,0,5,0,0,0,0,8,10,0,0,10,0,0,0,0,0,1,1,1,0,1,8,0
1,57,45,0,2,0,4,0,0,2,0,6,9,19,0,0,0,0,0,1,0,0,1,1,0,0,1,0
1,58,26,0,4,0,18,0,0,4,0,6,10,0,0,0,0,0,0,0,0,0,1,0,0,0,0,0
1,59,33,0,3,0,2,0,0,3,0,11,0,16,0,0,0,0,0,1,0,0,0,0,0,0,0,4
1,60,32,0,3,0,6,0,0,3,0,9,3,17,0,0,0,0,0,1,1,0,0,0,0,1,0,0
1,61,48,0,13,0,2,0,0,5,0,25,2,18,8,0,0,0,0,1,1,0,0,1,1,0,0,6
1,62,46,0,11,0,3,0,0,6,0,12,25,0,5,0,1,0,0,0,1,0,1,1,1,0,1,5
1,63,36,0,12,0,4,0,0,1,0,5,8,0,5,6,0,0,1,0,0,0,0,0,1,1,8,0
1,64,22,3,10,0,6,0,0,6,0,13,5,0,0,4,0,0,0,0,1,1,0,0,0,1,8,0
1,65,39,0,9,0,5,0,0,4,0,18,11,0,5,0,0,0,0,0,1,0,1,1,1,0,1,6
1,66,26,0,11,0,7,0,0,2,0,5,5,0,5,4,0,0,0,0,0,0,1,0,1,1,1,4
1,67,33,0,1,0,4,0,0,1,0,16,6,0,0,0,1,0,0,0,0,0,0,0,0,0,0,0
1,68,31,0,3,0,5,0,0,3,0,11,1,0,0,0,0,0,0,0,0,0,1,0,0,0,1,0
1,69,54,0,2,0,10,0,0,2,0,18,12,0,0,0,0,1,1,0,0,0,1,0,0,0,1,5
1,70,53,0,0,0,10,0,0,0,0,28,10,0,0,0,0,1,0,0,0,0,0,1,0,0,0,0
1,71,43,0,13,0,6,0,0,7,0,14,6,8,6,0,1,0,0,0,0,0,1,1,1,0,1,6
1,72,15,1,1,0,7,0,0,1,0,9,4,0,0,0,0,0,0,0,0,1,0,1,0,0,0,4
1,73,30,0,6,0,6,0,0,6,0,12,14,0,0,0,0,1,0,0,0,0,0,0,0,0,0,0
1,74,40,0,4,0,5,0,0,2,0,14,5,0,0,2,0,0,0,0,0,0,1,1,0,1,1,0
1,75,33,0,1,0,1,0,0,1,0,13,10,0,0,0,0,0,0,0,0,0,1,1,0,0,1,4
1,76,44,0,1,0,10,0,0,0,0,14,14,6,0,1,1,0,0,0,0,0,1,0,0,1,2,4
1,77,34,0,2,0,2,0,0,2,0,6,3,16,0,0,1,0,0,1,0,0,0,0,0,0,0,0
1,78,27,2,6,0,6,0,0,6,0,13,10,0,0,0,0,0,0,0,1,1,1,0,0,0,0,5
1,79,34,0,2,0,9,0,0,2,0,9,11,0,0,0,0,0,0,0,0,0,1,1,0,0,1,0
1,80,34,0,7,0,8,0,0,0,0,8,5,0,0,7,0,0,1,0,0,0,0,1,0,1,8,0
1,81,46,0,9,0,5,0,0,0,0,9,16,0,9,0,0,0,1,0,0,0,1,0,1,0,7,4
1,82,39,0,5,0,3,0,0,5,0,11,13,0,0,0,0,0,0,0,1,0,1,1,0,0,1,0
1,83,39,0,0,0,7,0,0,0,0,5,14,13,0,0,0,0,0,1,0,0,1,0,0,0,0,5
1,84,22,0,0,0,11,0,0,0,0,10,9,0,0,0,0,0,0,0,0,0,0,0,0,0,0,6
1,85,32,0,7,0,2,0,0,7,0,10,9,0,0,0,0,0,1,0,1,0,0,1,0,0,0,5
1,86,29,0,13,0,13,0,0,0,0,15,4,2,0,13,1,0,0,0,0,0,0,0,0,1,8,0
1,87,51,0,0,0,1,0,0,0,0,11,6,6,0,0,1,0,1,0,0,0,1,0,0,0,0,6
1,88,45,0,10,0,10,0,0,0,0,21,9,9,10,0,0,1,0,1,0,0,0,1,1,0,0,0
1,89,29,1,1,0,11,0,0,1,0,7,6,11,0,0,1,0,0,0,0,1,0,1,0,1,0,6
1,90,30,0,16,0,4,0,0,11,0,8,7,0,5,0,0,0,0,0,1,0,1,1,1,0,1,4
1,91,30,0,5,0,8,0,0,5,0,6,3,0,0,0,0,0,0,0,0,0,1,1,0,0,1,0
1,92,32,0,1,0,7,0,0,1,0,11,12,0,0,0,0,0,0,0,0,0,1,0,0,0,1,0
1,93,42,0,0,0,6,0,0,0,0,15,13,14,0,0,0,1,0,1,0,0,0,1,0,0,2,0
1,94,48,0,4,0,5,0,0,4,0,16,19,7,0,0,1,0,0,0,1,0,1,1,0,0,0,4
1,95,25,0,0,0,8,0,0,0,0,19,2,0,0,0,0,0,0,0,0,0,0,0,0,0,0,0
1,96,44,0,8,0,6,0,0,0,0,12,10,12,8,0,0,0,0,1,0,0,1,1,1,0,7,4
1,97,40,1,2,0,13,0,0,2,0,18,7,0,0,0,0,1,0,0,0,1,1,0,0,0,1,0
1,98,28,0,5,0,4,0,0,5,0,13,3,0,0,0,0,0,0,0,1,0,1,1,0,0,1,4
1,99,34,0,5,0,10,0,0,5,0,10,12,0,0,0,0,0,0,0,0,0,1,0,0,0,0,0
1,100,46,0,0,0,2,0,0,0,0,4,6,15,0,0,0,0,1,1,0,0,1,0,0,0,1,0
1,101,57,0,7,0,8,0,0,5,0,14,14,18,0,2,0,0,0,1,1,0,1,1,0,1,1,0
1,102,31,0,3,0,7,0,0,3,0,14,11,0,0,0,0,0,0,0,1,0,0,1,0,0,0,0
1,103,63,0,5,0,7,0,0,5,0,28,20,3,0,0,1,1,0,0,1,0,1,0,0,0,1,6
1,104,33,0,2,0,8,0,0,2,0,8,9,14,0,0,0,0,0,1,1,0,0,0,0,0,0,0
1,105,41,2,0,0,12,0,0,0,0,7,4,18,0,0,0,0,0,1,0,1,1,0,0,0,0,0
1,106,22,2,12,0,6,0,0,0,0,6,3,0,12,0,0,0,1,0,0,1,0,0,1,0,7,6
1,107,40,0,6,0,9,0,0,2,0,9,11,0,0,4,0,0,0,0,0,0,1,1,0,1,1,0
1,108,31,0,7,0,7,0,0,7,0,9,6,0,0,0,0,0,0,0,0,0,1,0,0,0,0,0
1,109,22,0,0,0,9,0,0,0,0,9,7,0,0,0,0,0,0,0,0,0,0,0,0,0,0,5
1,110,40,0,2,0,6,0,0,2,0,10,9,0,0,0,0,0,0,0,0,0,1,1,0,1,1,4
1,111,29,0,7,0,3,0,0,3,0,8,11,0,4,0,0,0,0,0,0,0,1,1,1,0,1,0
1,112,38,0,9,0,8,0,0,3,0,21,13,0,6,0,0,1,0,0,1,0,0,0,1,0,7,0
1,113,31,0,17,0,4,0,0,5,0,9,8,11,8,4,0,0,0,1,1,0,0,0,1,1,7,4
1,114,49,0,2,0,3,0,0,2,0,10,14,0,0,0,0,0,1,0,0,0,1,1,0,0,1,0
1,115,24,0,5,0,4,0,0,5,0,3,13,8,0,0,0,0,0,1,0,0,0,1,0,0,0,5
1,116,35,0,1,0,7,0,0,0,0,19,10,0,0,1,0,0,0,0,0,0,1,1,0,1,0,6
1,117,27,0,6,0,10,0,0,6,0,10,17,0,0,0,0,0,0,0,1,0,0,0,0,0,0,5
1,118,46,0,11,0,6,0,0,0,0,16,1,19,11,0,1,0,0,1,0,0,0,0,1,0,7,6
1,119,28,0,14,0,9,0,0,3,0,14,8,0,0,11,0,0,0,0,0,0,1,0,0,1,0,5
1,120,34,0,2,0,5,0,0,2,0,9,6,0,0,0,0,0,0,0,0,0,1,0,0,0,1,6
1,121,45,0,1,0,1,0,0,1,0,6,4,17,0,0,0,0,1,1,0,0,1,0,0,0,0,4
1,122,37,0,1,0,10,0,0,0,0,18,7,0,0,1,0,1,0,0,0,0,1,1,0,1,0,4
1,123,51,0,10,0,6,0,0,0,0,15,7,17,10,0,1,0,0,1,0,0,1,0,1,0,7,6
1,124,11,1,14,0,7,0,0,2,0,6,1,0,6,6,0,0,0,0,0,1,0,0,1,1,2,0
1,125,21,0,2,0,5,0,0,2,0,8,5,0,0,0,0,0,0,0,0,0,0,0,0,0,0,0
1,126,29,0,0,0,9,0,0,0,0,9,12,0,0,0,0,0,0,0,0,0,1,0,0,0,0,0
1,127,52,0,8,0,4,0,0,8,0,7,12,17,0,0,0,0,0,1,0,0,1,1,0,0,1,0
1,128,48,0,11,0,0,0,0,1,0,8,8,21,10,0,0,0,1,1,0,0,1,0,1,0,7,5
1,129,31,0,2,0,3,0,0,2,0,14,6,0,0,0,0,0,0,0,1,0,1,0,0,0,1,0
1,130,36,4,0,0,2,0,0,0,0,16,3,2,0,0,1,0,0,0,0,1,1,0,0,0,1,6
1,131,27,0,1,0,3,0,0,0,0,8,4,12,0,1,0,0,0,1,0,0,0,0,0,1,0,4
1,132,43,0,0,0,12,0,0,0,0,24,7,0,0,0,0,1,0,0,0,0,1,1,0,0,1,5
1,133,56,0,5,0,1,0,0,5,0,17,4,17,0,0,0,0,1,1,1,0,1,1,0,0,1,5
1,134,42,0,7,0,2,0,0,5,0,15,4,0,0,2,0,0,1,0,0,0,1,0,0,1,0,6
1,135,41,0,6,0,4,0,0,6,0,8,4,0,0,0,0,0,1,0,0,0,1,0,0,0,1,4
1,136,35,0,0,0,8,0,0,0,0,10,6,0,0,0,0,0,1,0,0,0,1,0,0,0,0,0
1,137,26,0,8,0,13,0,0,4,0,10,14,0,0,4,0,0,0,0,1,0,0,0,0,1,0,4
1,138,36,0,8,0,15,0,0,7,0,12,5,0,0,1,0,0,0,0,0,0,1,1,0,1,1,0
1,139,45,0,3,0,3,0,0,3,0,9,14,12,0,0,0,0,0,1,1,0,1,1,0,0,1,0
1,140,39,0,5,0,4,0,0,5,0,19,6,4,0,0,1,0,0,0,1,0,0,1,0,0,2,5
1,141,38,0,5,0,4,0,0,5,0,10,16,6,0,0,1,0,0,0,1,0,1,0,0,0,0,6
1,142,35,0,4,0,3,0,0,4,0,13,17,0,0,0,1,0,0,0,1,0,0,0,0,0,0,5
1,143,47,3,0,0,6,0,0,0,0,12,9,0,0,0,1,0,1,0,0,1,1,1,0,1,1,0
1,144,26,0,1,0,15,0,0,1,0,15,7,0,0,0,0,0,0,0,0,0,0,1,0,0,0,0
1,145,35,0,0,0,6,0,0,0,0,8,11,8,0,0,1,0,0,0,0,0,1,0,0,0,0,6
1,146,47,0,7,0,2,0,0,3,0,9,22,0,0,4,0,0,1,0,1,0,1,1,0,1,0,4
1,147,52,0,16,0,8,0,0,2,0,13,11,17,8,6,1,0,0,1,0,0,0,1,1,1,8,6
1,148,51,0,5,0,6,0,0,5,0,22,12,0,0,0,1,0,0,0,1,0,1,1,0,0,1,5
1,149,27,0,14,0,7,0,0,5,0,9,2,11,9,0,1,0,0,0,0,0,0,0,1,1,7,4
1,150,46,0,3,0,5,0,0,3,0,16,15,3,0,0,1,0,0,0,1,0,1,1,0,0,0,6
1,151,25,0,5,0,7,0,0,5,0,12,1,0,0,0,0,0,0,0,1,0,1,0,0,1,1,4
1,152,29,4,6,0,8,0,0,0,0,3,5,0,6,0,0,0,1,0,0,1,1,0,1,0,1,5
1,153,33,0,3,0,6,0,0,3,0,6,1,0,0,0,0,0,1,0,0,0,1,0,0,0,1,0
1,154,24,2,5,0,6,0,0,5,0,10,8,0,0,0,0,0,0,0,0,1,1,0,0,0,0,6
1,155,31,0,6,0,1,0,0,6,0,7,5,0,0,0,0,0,1,0,1,0,0,1,0,0,0,4
1,156,39,0,4,0,14,0,0,0,0,21,9,0,4,0,0,1,0,0,0,0,1,0,1,0,0,0
1,157,38,0,1,0,6,0,0,1,0,9,10,0,0,0,0,0,1,0,0,0,0,0,0,0,0,6
1,158,30,0,2,0,4,0,0,2,0,7,10,0,0,0,0,0,0,0,0,0,1,1,0,0,1,0
1,159,41,0,2,0,6,0,0,2,0,12,3,8,0,0,1,0,0,0,0,0,1,0,0,0,1,0
1,160,24,0,0,0,6,0,0,0,0,10,7,0,0,0,0,0,0,0,0,0,0,0,0,0,0,0
1,161,35,0,0,0,15,0,0,0,0,20,8,0,0,0,0,1,0,0,0,0,0,0,0,0,2,0
1,162,41,0,6,0,9,0,0,1,0,24,12,0,5,0,0,1,0,0,0,0,0,1,1,0,2,5
1,163,33,0,1,0,12,0,0,1,0,12,13,0,0,0,0,0,0,0,0,0,1,1,0,0,1,4
1,164,36,0,2,0,3,0,0,2,0,12,9,3,0,0,1,0,0,0,0,0,1,1,0,0,1,0
1,165,27,3,10,0,12,0,0,0,0,9,12,0,10,0,0,0,0,0,0,1,1,0,1,0,7,5
1,166,31,1,1,0,16,0,0,1,0,15,8,0,0,0,0,0,0,0,0,1,1,1,0,0,0,0
1,167,37,0,2,0,6,0,0,2,0,10,10,0,0,0,0,0,0,0,0,0,1,1,0,0,1,5
1,168,55,0,2,0,6,0,0,2,0,8,7,27,0,0,0,0,0,1,0,0,1,0,0,0,1,5
1,169,39,0,5,0,13,0,0,0,0,18,13,0,5,0,0,0,0,0,0,0,1,0,1,0,0,0
1,170,26,0,0,0,0,0,0,0,0,7,8,5,0,0,1,0,0,0,0,0,0,1,0,0,0,0
1,171,34,0,12,0,2,0,0,12,0,15,8,0,0,0,0,0,0,0,1,0,1,0,0,0,2,5
1,172,44,0,4,0,4,0,0,4,0,19,9,7,0,0,1,0,0,0,1,0,1,1,0,0,0,5
1,173,33,0,4,0,3,0,0,1,0,6,10,0,0,3,0,0,1,0,0,0,0,0,0,1,0,0
1,174,27,0,2,0,6,0,0,2,0,5,1,0,0,0,0,0,0,0,0,0,1,1,0,0,1,0
1,175,23,0,10,0,9,0,0,4,0,12,7,0,6,0,0,0,0,0,0,0,0,0,1,0,7,0
1,176,25,0,0,0,13,0,0,0,0,5,6,0,0,0,0,0,0,0,0,0,1,0,0,0,1,4
1,177,41,0,0,0,1,0,0,0,0,9,9,0,0,0,0,0,1,0,0,0,1,1,0,1,0,6
1,178,34,0,12,0,6,0,0,1,0,9,18,0,11,0,0,0,0,0,0,0,1,0,1,0,0,4
1,179,27,0,1,0,4,0,0,1,0,14,9,0,0,0,0,0,0,0,0,0,0,1,0,0,0,6
1,180,38,0,6,0,3,0,0,6,0,23,10,0,0,0,1,0,0,0,1,0,1,0,0,1,2,4
1,181,32,0,2,0,5,0,0,2,0,15,14,0,0,0,0,1,0,0,1,0,0,0,0,0,0,4
1,182,44,0,1,0,3,0,0,1,0,8,9,16,0,0,0,0,0,1,0,0,1,0,0,0,1,6
1,183,26,1,0,0,7,0,0,0,0,13,11,0,0,0,1,0,0,0,0,1,0,0,0,0,2,0
1,184,36,0,3,0,2,0,0,3,0,9,6,0,0,0,0,0,1,0,1,0,0,0,0,0,0,0
1,185,57,0,10,0,8,0,0,4,0,20,19,0,0,6,0,1,1,0,0,0,0,1,0,1,0,4
1,186,41,0,6,0,6,0,0,6,0,8,16,0,0,0,0,0,0,0,1,0,1,1,0,1,1,4
1,187,26,0,6,0,4,0,0,6,0,11,10,0,0,0,0,0,0,0,1,0,0,0,0,0,0,0
1,188,25,0,0,0,5,0,0,0,0,16,6,0,0,0,0,0,0,0,0,0,1,0,0,0,0,0
1,189,30,0,5,0,10,0,0,1,0,17,2,0,0,4,0,0,0,0,0,0,1,0,0,1,1,0
1,190,25,0,0,0,3,0,0,0,0,11,10,0,0,0,0,0,0,0,0,0,0,1,0,0,2,0
1,191,43,0,0,0,6,0,0,0,0,16,11,9,0,0,1,0,0,0,0,0,1,0,0,0,0,6
1,192,42,1,0,0,9,0,0,0,0,12,15,5,0,0,1,0,0,0,0,1,1,0,0,0,2,0
1,193,41,0,0,0,4,0,0,0,0,12,15,0,0,0,1,0,0,0,0,0,1,1,0,0,2,5
1,194,30,0,5,0,3,0,0,5,0,9,11,0,0,0,0,0,0,0,1,0,1,1,0,0,1,0
1,195,43,0,0,0,14,0,0,0,0,14,7,16,0,0,0,0,0,1,0,0,1,0,0,1,0,4
1,196,32,2,1,0,6,0,0,1,0,9,12,0,0,0,0,0,0,0,0,1,1,1,0,0,1,5
1,197,28,0,9,0,6,0,0,0,0,12,10,0,9,0,0,0,0,0,0,0,0,0,1,0,7,0
1,198,30,0,2,0,9,0,0,2,0,14,9,0,0,0,0,0,0,0,0,0,0,0,0,0,0,6
1,199,42,0,0,0,13,0,0,0,0,19,12,0,0,0,0,1,0,0,0,0,0,1,0,1,0,4
1,200,41,3,1,0,9,0,0,1,0,11,15,4,0,0,1,0,0,0,0,1,1,1,0,0,0,0
1,201,52,0,1,0,11,0,0,1,0,23,20,0,0,0,0,1,0,0,0,0,0,1,0,0,0,0
1,202,49,4,1,0,8,0,0,1,0,21,16,0,0,0,0,1,0,0,0,1,1,1,0,0,1,6
1,203,58,0,1,0,4,0,0,1,0,20,5,3,0,0,1,0,1,0,0,0,1,1,0,0,1,0
1,204,41,0,10,0,5,0,0,4,0,18,13,0,6,0,0,1,0,0,0,0,1,0,1,0,2,0
1,205,43,0,4,0,4,0,0,4,0,11,10,16,0,0,1,0,0,0,1,0,1,1,0,1,0,6
1,206,42,0,2,0,3,0,0,2,0,11,5,0,0,0,0,0,1,0,0,0,1,0,0,0,0,4
1,207,30,3,2,0,12,0,0,2,0,7,11,0,0,0,0,0,0,0,0,1,1,0,0,0,1,0
1,208,37,0,1,0,5,0,0,1,0,20,11,0,0,0,0,0,0,0,1,0,1,1,0,0,0,4
1,209,40,0,9,0,9,0,0,9,0,20,13,0,0,0,0,0,0,0,1,0,1,1,0,0,2,4
1,210,37,1,2,0,6,0,0,2,0,4,3,19,0,0,0,0,0,1,0,1,1,1,0,0,1,6
1,211,39,0,1,0,5,0,0,1,0,21,6,0,0,0,0,1,0,0,0,0,1,1,0,0,1,0
1,212,40,0,2,0,7,0,0,2,0,10,7,0,0,0,0,0,1,0,0,0,0,0,0,0,0,4
1,213,31,0,1,0,3,0,0,1,0,4,8,12,0,0,0,0,0,1,0,0,1,0,0,0,1,0
1,214,30,0,17,0,4,0,0,11,0,14,7,0,6,0,0,0,0,0,1,0,1,0,1,0,2,0
1,215,35,0,6,0,4,0,0,0,0,8,8,0,6,0,0,0,1,0,0,0,1,0,1,0,0,0
1,216,32,2,1,0,4,0,0,1,0,11,16,0,0,0,0,1,0,0,0,1,1,0,0,0,0,0
1,217,27,0,6,0,8,0,0,1,0,17,4,0,0,5,0,0,0,0,0,0,0,0,0,1,0,4
1,218,30,3,4,0,10,0,0,4,0,14,6,0,0,0,0,0,0,0,1,1,1,1,0,0,1,0
1,219,42,0,2,0,10,0,0,2,0,12,11,0,0,0,1,0,0,0,0,0,1,0,0,0,1,6
1,220,26,0,4,0,4,0,0,4,0,7,9,0,0,0,0,0,0,0,0,0,1,0,0,0,0,6
1,221,43,0,17,0,3,0,0,4,0,9,10,0,11,2,0,0,1,0,1,0,1,0,1,1,1,4
1,222,42,0,3,0,5,0,0,0,0,14,6,0,0,3,1,0,1,0,0,0,0,0,0,1,8,6
1,223,25,0,0,0,11,0,0,0,0,16,3,0,0,0,0,0,0,0,0,0,0,0,0,0,0,0
1,224,45,0,6,0,4,0,0,6,0,25,8,0,0,0,0,1,0,0,1,0,0,0,0,1,0,0
1,225,57,0,4,0,2,0,0,4,0,8,14,14,0,0,0,0,1,1,1,0,1,0,0,0,0,5
1,226,29,0,12,0,3,0,0,1,0,13,13,0,11,0,0,1,0,0,0,0,0,1,1,0,2,5
1,227,29,0,1,0,4,0,0,1,0,11,10,0,0,0,0,0,0,0,1,0,1,0,0,0,1,5
1,228,34,0,5,0,12,0,0,5,0,12,18,0,0,0,0,1,0,0,0,0,0,1,0,0,2,5
1,229,55,0,5,0,1,0,0,5,0,9,6,23,0,0,0,0,1,1,1,0,0,0,0,0,0,4
1,230,41,0,9,0,3,0,0,9,0,18,18,0,0,0,1,0,0,0,1,0,1,0,0,1,0,0
1,231,32,0,2,0,4,0,0,2,0,9,12,0,0,0,0,0,0,0,0,0,1,1,0,0,1,5
1,232,34,0,2,0,6,0,0,2,0,13,6,0,0,0,0,0,0,0,0,0,1,0,0,0,1,6
1,233,26,0,5,0,6,0,0,1,0,7,6,0,4,0,0,0,0,0,0,0,1,0,1,0,1,0
1,234,34,0,19,0,3,0,0,2,0,9,7,0,8,9,0,0,1,0,0,0,1,0,1,1,0,4
1,235,31,0,1,0,10,0,0,1,0,16,11,0,0,0,0,0,0,0,0,0,1,0,0,0,0,0
1,236,23,0,9,0,4,0,0,9,0,14,7,0,0,0,0,0,0,0,1,0,0,1,0,0,0,4
1,237,43,0,7,0,3,0,0,7,0,11,12,0,0,0,0,0,1,0,0,0,1,1,0,0,1,0
1,238,45,0,11,0,6,0,0,5,0,24,13,1,6,0,1,0,0,0,1,0,1,1,1,1,2,4
1,239,41,0,0,0,6,0,0,0,0,7,11,0,0,0,0,0,1,0,0,0,1,0,0,0,0,5
1,240,34,2,1,0,6,0,0,1,0,9,9,10,0,0,1,0,0,0,0,1,1,0,0,0,0,6
1,241,39,0,1,0,7,0,0,1,0,12,17,0,0,0,0,0,0,0,1,0,1,1,0,0,0,0
1,242,34,0,4,0,1,0,0,4,0,11,3,15,0,0,0,0,0,1,1,0,0,0,0,0,2,4
1,243,60,3,5,0,6,0,0,0,0,19,13,16,5,0,0,1,0,1,0,1,1,1,1,0,2,5
1,244,45,0,15,0,12,0,0,1,0,17,12,0,4,10,0,0,0,0,0,0,1,1,1,1,1,4
1,245,36,0,7,0,6,0,0,2,0,7,7,15,0,5,0,0,0,1,0,0,1,0,0,1,1,4
1,246,33,0,4,0,10,0,0,4,0,18,11,0,0,0,0,0,0,0,1,0,0,1,0,1,0,4
1,247,29,0,6,0,15,0,0,2,0,9,16,0,4,0,0,0,0,0,0,0,0,0,1,0,0,0
1,248,41,0,8,0,4,0,0,2,0,10,1,0,4,2,0,0,1,0,0,0,1,0,1,1,1,4
1,249,40,0,6,0,11,0,0,4,0,13,8,0,0,2,0,0,0,0,0,0,1,1,0,1,1,6
1,250,27,0,0,0,10,0,0,0,0,15,4,4,0,0,1,0,0,0,0,0,0,0,0,0,0,6
1,251,39,0,4,0,5,0,0,4,0,16,17,0,0,0,0,1,0,0,1,0,0,0,0,0,0,4
1,252,29,0,0,0,6,0,0,0,0,10,14,0,0,0,1,0,0,0,0,0,0,0,0,0,0,0
1,253,25,1,4,0,7,0,0,4,0,7,10,0,0,0,0,0,0,0,0,1,1,0,0,0,0,0
1,254,30,0,1,0,9,0,0,1,0,10,8,0,0,0,0,0,0,0,0,0,1,0,0,0,1,6
1,255,29,0,6,0,4,0,0,6,0,4,12,0,0,0,0,0,0,0,0,0,1,0,0,0,1,5
1,256,20,0,1,0,11,0,0,1,0,12,6,0,0,0,0,0,0,0,0,0,0,0,0,0,0,0
2,1,36,4,3,0,3,0,0,2,8,4,14,6,0,0,1,0,0,0,1,0,1,0,0,1,1,4
2,2,52,2,19,0,13,3,0,1,7,13,9,13,18,0,0,0,0,1,0,0,1,1,1,0,7,0
2,3,42,0,16,0,6,0,0,4,11,14,10,0,0,12,0,0,0,0,0,0,0,1,0,1,0,5
2,4,63,1,2,0,8,0,0,2,7,11,6,10,0,0,0,0,1,1,0,0,1,0,0,0,0,5
2,5,69,0,8,0,6,1,0,2,13,22,6,18,6,0,0,1,0,1,1,0,1,1,1,0,1,0
2,6,20,4,16,0,9,0,0,3,3,5,6,0,7,6,0,0,0,0,1,1,0,0,1,1,8,0
2,7,39,3,12,0,11,2,1,1,10,10,7,0,11,0,0,0,0,0,0,0,0,1,1,1,0,4
2,8,60,0,1,0,7,1,0,1,14,18,8,5,0,0,0,1,0,0,0,0,1,1,0,0,0,0
2,9,43,5,1,0,7,0,0,1,10,13,8,0,0,0,0,0,0,0,0,1,0,1,0,0,2,5
2,10,50,2,9,0,9,0,1,9,15,11,4,0,0,0,0,1,0,0,1,1,1,1,0,1,8,6
2,11,46,5,10,0,10,1,2,2,17,8,10,0,7,0,0,0,0,0,0,1,1,1,1,0,1,0
2,12,39,3,3,0,3,2,0,1,10,10,9,0,0,0,0,0,0,0,0,0,1,0,0,0,0,6
2,13,47,2,1,0,4,1,0,1,3,11,13,13,0,0,0,0,0,1,0,0,0,1,0,1,2,4
2,14,56,1,0,0,11,1,1,0,14,23,8,0,0,0,0,1,0,0,0,0,1,1,0,0,0,0
2,15,44,3,3,0,7,0,1,3,7,11,9,0,0,0,0,0,0,0,0,0,1,1,0,0,1,0
2,16,60,0,11,0,12,0,0,1,0,15,17,0,9,0,0,0,1,0,0,0,0,0,1,0,0,5
2,17,57,0,1,0,5,0,0,1,5,15,7,6,0,0,0,1,1,0,0,0,1,0,0,0,1,0
2,18,66,1,11,0,10,0,0,0,18,11,5,4,0,10,0,1,1,0,0,0,1,0,0,1,8,6
2,19,63,3,3,0,5,0,1,3,8,10,1,0,0,0,0,0,1,0,0,0,1,0,0,0,1,0
2,20,71,9,8,0,9,0,0,0,10,17,13,6,8,0,1,1,1,0,0,1,1,0,1,0,0,5
2,21,86,1,6,0,4,0,0,6,10,21,4,22,0,0,0,1,1,1,1,0,1,0,0,0,2,4
2,22,39,6,1,0,5,0,0,1,13,7,9,0,0,0,0,0,0,0,0,1,1,0,0,0,0,6
2,23,34,6,3,0,11,1,2,2,6,6,10,0,0,1,0,0,0,0,0,1,1,0,0,1,1,5
2,24,49,1,10,0,2,1,1,2,4,11,7,0,8,0,0,0,1,0,1,0,0,0,1,0,0,0
2,25,50,2,7,0,5,0,0,1,8,14,4,0,0,5,0,0,1,0,0,0,0,1,0,1,2,0
2,26,44,1,1,0,8,1,0,1,15,10,2,5,0,0,0,1,0,0,0,0,0,1,0,0,0,4
2,27,70,2,7,0,14,2,0,6,11,8,5,25,0,0,0,0,0,1,0,0,1,1,0,0,1,6
2,28,52,3,2,0,4,0,0,2,7,9,3,19,0,0,0,0,0,1,1,1,1,1,0,0,0,0
2,29,68,0,21,0,8,0,0,13,14,8,0,23,8,0,0,1,0,1,1,0,0,1,1,0,3,6
2,30,54,1,4,0,9,0,0,4,11,8,11,0,0,0,0,0,1,0,0,0,1,0,0,0,0,4
2,31,75,4,4,0,8,0,0,1,18,22,5,8,0,1,1,1,1,0,0,0,0,1,0,1,2,0
2,32,62,5,20,0,13,1,0,5,14,20,15,0,8,6,1,0,0,0,1,0,1,0,1,1,0,4
2,33,43,4,4,0,10,2,0,4,14,7,12,0,0,0,0,0,0,0,0,0,0,1,0,0,2,0
2,34,70,1,1,0,9,1,0,0,11,12,16,21,0,1,0,1,0,1,0,0,0,1,0,1,0,0
2,35,109,1,12,0,7,1,0,1,17,17,7,43,11,0,0,1,0,1,0,0,1,0,1,0,1,5
2,36,30,1,28,0,5,0,1,6,4,6,3,10,8,13,1,0,0,0,0,0,0,0,1,1,0,0
2,37,40,1,0,0,13,0,0,0,6,13,14,4,0,0,0,1,0,0,0,1,0,0,0,0,2,0
2,38,67,0,3,0,7,0,0,3,13,12,13,24,0,0,1,1,0,1,0,0,0,0,0,0,0,6
2,39,106,3,13,0,13,1,0,6,10,22,12,26,7,0,1,1,1,1,0,0,1,1,1,0,1,4
2,40,46,4,16,0,4,0,0,2,4,6,5,0,14,0,0,0,1,0,0,1,1,1,1,1,1,4
2,41,56,3,21,0,15,0,1,1,11,10,18,0,20,0,0,0,1,0,0,0,0,1,1,0,7,0
2,42,47,5,2,0,5,0,0,1,4,5,3,31,0,0,1,0,0,1,0,0,0,0,0,1,0,0
2,43,33,1,3,0,10,2,0,1,12,5,4,0,0,0,0,0,0,0,0,0,0,0,0,0,2,4
2,44,66,2,7,0,6,0,1,0,2,8,2,34,7,0,0,0,1,1,0,1,1,1,1,0,1,0
2,45,87,0,10,0,8,0,0,0,7,22,9,25,10,0,0,1,1,1,0,0,1,0,1,1,7,6
2,46,49,2,6,0,7,0,0,5,11,12,11,0,0,0,0,0,0,0,0,0,1,1,0,0,0,6
2,47,46,3,2,0,8,0,0,2,6,5,6,19,0,0,0,0,0,1,1,1,1,0,0,1,3,4
2,48,51,2,5,0,6,0,0,4,6,5,8,23,0,0,0,0,0,1,1,1,1,0,0,0,0,0
2,49,63,0,3,0,5,0,0,3,12,16,1,24,0,0,0,1,0,1,1,0,0,0,0,1,3,4
2,50,34,9,1,0,7,0,0,0,13,6,3,4,0,0,1,0,0,0,0,1,0,0,0,0,0,6
2,51,27,4,15,0,5,0,1,5,5,8,4,0,9,0,0,0,0,0,0,1,1,0,1,0,1,0
2,52,52,3,11,0,10,2,2,10,10,8,14,0,0,0,0,0,0,0,1,0,1,1,0,0,1,0
2,53,48,0,3,0,8,0,0,2,3,8,6,24,0,0,0,0,0,1,0,0,1,0,0,0,3,0
2,54,81,1,5,0,9,1,0,5,12,22,9,28,0,0,0,1,0,1,1,0,1,0,0,0,0,0
2,55,34,2,6,0,4,2,1,2,11,4,8,0,0,4,0,0,0,0,0,0,1,0,0,1,2,0
2,56,52,1,4,0,4,0,1,2,15,2,2,12,0,0,0,0,0,1,0,0,1,1,0,0,1,0
2,57,74,0,19,0,8,0,0,2,12,12,5,39,16,0,1,1,0,1,0,0,0,0,1,1,8,0
2,58,32,3,13,0,12,2,0,3,13,4,8,0,9,0,0,0,0,0,0,1,1,0,1,0,0,6
2,59,58,5,7,0,6,0,1,7,8,10,9,22,0,0,1,0,0,1,1,0,1,0,0,0,3,0
2,60,85,5,9,0,6,0,0,9,12,26,11,29,0,0,1,1,0,1,1,0,0,0,0,0,2,4
2,61,103,1,1,0,9,1,0,1,18,11,16,52,0,0,0,1,0,1,0,0,0,1,0,0,0,0
2,62,54,0,19,0,4,1,0,10,6,15,5,20,8,0,1,0,0,0,1,0,1,1,1,0,1,0
2,63,66,13,6,0,10,0,0,0,9,14,12,3,6,0,1,1,1,0,0,0,1,1,1,0,7,6
2,64,39,2,2,0,9,2,1,1,17,1,8,0,0,0,0,0,0,0,0,0,0,1,0,0,0,6
2,65,56,1,9,0,7,0,0,9,5,13,3,18,0,0,0,0,1,1,1,0,0,0,0,0,3,4
2,66,37,3,1,0,7,0,0,1,5,7,8,0,0,0,0,0,1,0,0,1,0,0,0,0,0,0
2,67,43,3,9,0,15,0,0,1,5,10,4,6,8,0,1,0,1,0,0,1,1,0,1,0,1,4
2,68,50,4,7,0,6,0,0,4,12,21,8,0,0,2,0,1,0,0,1,1,0,1,0,1,1,6
2,69,65,1,6,0,7,1,0,5,11,13,9,24,0,0,0,1,0,1,0,0,0,1,0,1,3,4
2,70,52,4,7,0,3,1,0,6,9,5,20,0,0,0,1,0,0,0,1,0,1,0,0,0,0,0
2,71,69,2,13,0,4,0,1,5,5,8,7,27,8,0,0,0,0,1,1,0,1,1,1,0,1,5
2,72,52,1,11,0,5,0,1,6,11,8,3,13,0,5,0,0,0,1,1,0,1,0,0,1,1,0
2,73,49,0,16,0,7,1,0,0,2,10,1,34,10,5,0,0,0,1,0,0,1,0,1,1,3,5
2,74,54,0,9,0,7,1,0,1,2,12,9,0,0,8,0,0,1,0,0,0,0,0,0,1,0,4
2,75,58,0,2,0,8,0,0,2,14,17,12,0,0,0,0,1,0,0,0,0,1,1,0,0,1,0
2,76,43,3,14,0,7,1,1,5,7,7,1,17,9,0,0,0,0,1,0,1,1,0,1,0,0,0
2,77,79,1,6,0,3,0,0,6,5,13,6,27,0,0,0,0,1,1,1,0,0,1,0,0,3,6
2,78,43,1,3,0,7,0,0,3,8,11,7,14,0,0,1,0,0,0,0,0,1,0,0,0,0,5
2,79,43,6,21,0,6,0,0,0,11,10,11,0,16,4,0,0,0,0,0,0,0,1,1,1,2,4
2,80,48,2,22,0,4,0,0,4,10,4,11,0,18,0,0,0,1,0,1,1,0,1,1,0,7,0
2,81,34,3,27,0,6,0,1,8,8,11,8,0,19,0,0,0,0,0,1,0,0,1,1,0,0,4
2,82,61,2,0,0,5,0,0,0,6,8,4,14,0,0,0,0,1,1,0,0,0,1,0,0,2,5
2,83,52,2,15,0,9,0,0,6,19,11,7,2,8,1,1,1,0,0,0,0,0,0,1,1,8,6
2,84,27,8,1,0,11,0,1,0,4,6,4,0,0,0,0,0,0,0,0,1,0,0,0,0,0,6
2,85,52,4,13,0,6,3,2,1,12,10,15,0,0,10,0,0,0,0,0,0,1,1,0,1,1,5
2,86,52,1,0,0,4,0,0,0,7,4,5,32,0,0,1,0,0,1,0,0,0,0,0,0,3,6
2,87,62,0,2,0,7,0,0,1,15,8,0,32,0,0,0,1,0,1,0,0,0,0,0,0,0,6
2,88,49,4,14,0,9,0,1,1,12,14,8,3,13,0,0,1,0,0,0,1,0,1,1,1,7,4
2,89,61,0,1,0,7,1,0,1,6,18,9,3,0,0,0,1,1,0,0,0,0,1,0,0,0,6
2,90,84,2,18,0,3,0,1,9,3,14,12,26,9,0,0,0,1,1,1,0,1,1,1,0,2,0
2,91,63,5,2,0,9,0,0,1,11,12,8,0,0,0,0,0,1,0,0,1,1,1,0,0,0,0
2,92,71,0,9,0,9,0,0,0,13,11,19,6,0,8,0,1,1,0,0,0,1,1,0,1,8,5
2,93,33,3,7,0,14,0,2,7,4,7,6,0,0,0,0,0,0,0,0,0,1,1,0,0,1,0
2,94,73,4,11,0,8,0,0,2,5,27,5,29,9,0,0,1,0,1,1,1,0,1,1,0,3,4
2,95,22,4,7,0,6,0,0,7,0,13,2,0,0,0,0,0,0,0,1,1,0,0,0,1,0,4
2,96,65,2,6,0,6,0,2,0,8,9,10,19,0,6,1,0,0,1,0,0,1,1,0,1,1,4
2,97,34,0,14,0,10,2,0,1,7,14,5,0,0,11,0,0,0,0,0,0,0,0,0,1,8,0
2,98,34,1,3,0,9,1,0,2,5,15,9,0,0,0,0,0,0,0,0,0,1,0,0,0,0,0
2,99,76,1,1,0,3,0,1,1,2,17,10,14,0,0,1,0,1,1,0,0,1,1,0,0,2,4
2,100,37,3,17,0,4,0,1,8,14,14,2,0,6,3,0,0,0,0,1,0,0,0,1,1,2,4
2,101,55,1,6,0,4,0,0,4,7,9,13,16,0,2,0,0,0,1,1,0,0,1,0,1,8,0
2,102,66,1,2,0,13,0,0,1,6,16,12,0,0,0,0,0,1,0,0,0,1,0,0,0,0,0
2,103,65,2,9,0,15,0,0,1,16,16,6,0,0,7,0,0,1,0,0,0,1,1,0,1,2,4
2,104,37,3,6,0,7,2,0,4,9,4,2,21,0,2,0,0,0,1,0,0,1,0,0,1,3,4
2,105,91,1,13,0,4,1,0,5,8,12,7,38,8,0,0,0,1,1,0,0,0,1,1,0,0,0
2,106,65,0,3,0,3,0,0,3,6,4,3,33,0,0,0,0,1,1,0,0,1,0,0,0,2,5
2,107,51,0,1,0,5,0,0,1,11,14,8,3,0,0,0,1,1,0,0,0,0,0,0,0,0,5
2,108,48,4,20,0,11,2,1,2,24,8,10,0,17,0,0,0,0,0,0,1,1,1,1,1,7,4
2,109,20,4,2,0,5,1,0,2,9,6,0,0,0,0,0,0,0,0,0,1,0,0,0,0,0,0
2,110,54,0,1,0,7,2,0,1,13,14,10,5,0,0,0,1,0,0,0,0,0,1,0,0,2,0
2,111,31,2,2,0,11,1,0,1,9,8,2,0,0,0,0,0,0,0,0,0,0,0,0,0,0,6
2,112,31,9,5,0,5,0,0,2,8,7,5,0,0,3,1,0,0,0,0,0,1,0,0,1,0,4
2,113,59,2,8,0,7,1,1,8,11,10,4,26,0,0,1,0,0,1,0,1,1,0,0,0,0,0
2,114,81,2,5,0,9,1,0,0,4,12,0,40,0,4,0,0,1,1,0,0,0,0,0,1,3,4
2,115,44,2,6,0,6,0,0,6,6,11,9,8,0,0,1,0,0,0,1,0,0,0,0,0,0,5
2,116,45,5,16,0,12,2,0,1,6,14,12,3,8,6,1,0,0,0,0,0,0,1,1,1,0,0
2,117,79,0,5,0,6,0,0,4,11,14,6,42,0,0,0,1,0,1,0,0,0,0,0,0,2,4
2,118,51,2,22,0,7,1,0,3,21,9,9,0,19,0,0,0,0,0,0,0,0,1,1,0,7,0
2,119,35,17,8,0,12,1,2,8,8,7,8,0,0,0,1,0,0,0,1,0,0,0,0,0,0,6
2,120,58,3,5,0,18,2,0,5,7,16,19,8,0,0,1,0,0,0,0,0,1,1,0,0,0,5
2,121,78,1,8,0,4,0,0,8,8,11,10,41,0,0,1,0,0,1,1,0,1,1,0,0,2,0
2,122,53,1,17,0,13,0,0,0,12,12,5,17,9,8,0,0,0,1,0,0,1,1,1,1,8,0
2,123,56,6,3,0,11,0,2,3,11,13,13,0,0,0,0,0,0,0,0,1,1,1,0,0,1,5
2,124,57,3,0,0,4,0,0,0,8,2,1,21,0,0,0,0,1,1,0,1,0,0,0,0,0,4
2,125,47,1,9,0,3,1,0,8,5,10,12,15,0,0,0,0,0,1,1,0,0,1,0,0,2,5
2,126,58,3,0,0,7,1,0,0,6,14,5,9,0,0,0,1,1,0,0,0,0,1,0,0,0,0
2,127,36,5,1,0,7,1,0,1,9,8,7,0,0,0,0,0,0,0,0,1,1,0,0,0,1,6
2,128,26,3,2,0,4,0,1,2,12,4,5,0,0,0,0,0,0,0,0,0,0,0,0,0,2,0
2,129,75,2,11,0,9,0,1,4,10,3,7,48,7,0,0,0,0,1,0,0,0,1,1,0,0,4
2,130,45,2,1,0,4,1,0,1,13,9,14,3,0,0,1,0,0,0,0,0,1,0,0,0,0,6
2,131,75,1,15,0,9,0,0,7,4,16,11,35,8,0,0,1,0,1,1,0,0,0,1,0,3,4
2,132,47,6,0,0,9,0,0,0,0,6,1,40,0,0,0,0,0,1,0,1,0,0,0,0,3,4
2,133,79,1,10,0,0,0,0,1,5,11,4,29,9,0,0,0,1,1,0,0,1,1,1,0,0,0
2,134,59,0,10,0,8,0,0,6,12,10,8,16,0,4,0,0,0,1,1,0,1,1,0,1,1,4
2,135,53,1,20,0,3,1,0,2,13,15,4,0,18,0,0,0,1,0,1,0,1,1,1,1,7,0
2,136,32,3,2,0,6,2,0,0,13,9,4,0,0,0,0,0,0,0,0,1,0,0,0,0,2,4
2,137,75,0,5,0,9,0,0,4,19,17,11,11,0,0,0,1,0,1,1,0,0,1,0,0,0,4
2,138,81,2,8,0,6,0,1,1,9,15,2,22,0,6,0,1,1,1,0,0,1,0,0,1,1,0
2,139,49,0,25,0,3,0,0,6,4,15,6,15,19,0,0,1,0,1,1,0,1,0,1,1,7,5
2,140,71,1,7,0,5,0,0,7,3,9,2,30,0,0,0,1,1,1,1,0,1,0,0,1,3,4
2,141,37,9,2,0,10,0,1,1,14,3,11,4,0,0,1,0,0,0,0,1,1,0,0,0,0,0
2,142,58,1,11,0,2,1,1,11,12,8,7,4,0,0,1,0,1,0,1,0,1,1,0,0,1,6
2,143,53,0,22,0,5,0,0,7,11,8,9,0,8,7,0,0,1,0,0,0,0,1,1,1,7,4
2,144,55,2,0,0,6,1,0,0,3,12,12,21,0,0,0,0,0,1,0,0,0,0,0,0,3,4
2,145,69,0,7,0,4,0,0,7,6,8,2,31,0,0,1,0,1,1,0,0,1,1,0,0,0,6
2,146,47,3,1,0,6,1,2,1,9,19,10,0,0,0,0,0,0,0,1,0,1,0,0,0,1,5
2,147,44,9,10,0,10,2,0,1,6,12,15,6,7,1,1,0,0,0,0,0,0,1,1,1,7,0
2,148,42,6,24,0,4,0,1,9,2,9,10,12,15,0,0,0,0,1,1,1,1,0,1,0,7,4
2,149,59,1,8,0,11,0,1,2,27,11,4,0,6,0,0,1,0,0,0,0,1,0,1,0,0,4
2,150,71,1,16,0,9,0,0,4,11,15,17,2,12,0,0,1,1,0,1,0,1,0,1,1,2,4
2,151,52,2,17,0,10,1,1,2,11,5,4,0,0,14,0,0,1,0,0,0,1,1,0,1,8,6
2,152,43,2,22,0,6,0,0,6,2,11,4,14,9,6,0,0,0,1,1,0,1,1,1,1,3,4
2,153,32,6,7,0,8,1,0,6,6,13,7,0,0,0,0,0,0,0,1,1,0,1,0,0,0,6
2,154,41,5,3,0,6,0,1,3,5,7,3,0,0,0,0,0,1,0,0,1,1,0,0,0,1,6
2,155,39,2,16,0,3,1,1,6,6,17,6,0,9,0,0,0,0,0,1,0,1,0,1,1,8,0
2,156,24,3,14,0,12,1,0,7,4,10,1,0,6,1,0,0,0,0,0,1,0,1,1,1,7,4
2,157,69,2,1,0,9,1,0,0,5,17,6,23,0,1,0,0,1,1,0,0,0,1,0,1,0,4
2,158,33,12,0,0,9,0,0,0,6,7,9,2,0,0,1,1,0,0,0,1,0,0,0,1,2,0
2,159,60,0,8,0,12,0,0,8,8,14,9,22,0,0,0,1,0,1,1,0,0,0,0,1,0,6
2,160,60,2,1,0,7,0,0,1,8,21,8,11,0,0,0,1,0,0,0,0,1,1,0,0,2,4
2,161,58,2,12,0,9,0,0,7,14,20,9,0,0,5,0,1,0,0,1,1,1,0,0,1,8,0
2,162,66,3,1,0,22,1,1,1,14,17,5,22,0,0,0,1,0,1,0,0,0,0,0,0,0,0
2,163,54,5,10,0,7,0,0,2,2,14,11,18,8,0,1,0,0,1,1,0,0,0,1,0,3,5
2,164,49,2,19,0,4,0,1,13,14,20,10,0,0,5,0,1,0,0,1,0,0,1,0,1,2,5
2,165,49,4,1,0,7,0,1,0,18,14,9,0,0,0,1,0,0,0,0,0,1,0,0,0,0,5
2,166,65,1,11,0,4,0,0,5,8,10,6,32,6,0,0,0,0,1,1,0,1,0,1,0,0,5
2,167,61,2,7,0,6,0,0,4,2,6,3,48,0,2,0,0,0,1,0,1,0,0,0,1,3,4
2,168,52,3,17,0,8,0,0,7,6,25,7,8,10,0,1,1,0,0,1,0,0,0,1,1,7,5
2,169,105,1,12,0,9,1,0,4,11,11,4,54,8,0,0,0,1,1,0,0,1,0,1,0,0,0
2,170,35,1,7,0,4,1,0,6,13,9,3,0,0,1,0,0,0,0,1,0,0,1,0,1,2,5
2,171,43,2,9,0,6,1,0,9,5,8,7,0,0,0,0,0,1,0,1,1,1,0,0,1,0,6
2,172,66,0,25,0,1,0,0,9,4,10,2,21,16,0,0,0,1,1,1,0,0,0,1,0,7,0
2,173,36,3,11,0,5,1,0,2,4,4,5,0,9,0,0,0,1,0,0,1,0,0,1,0,0,0
2,174,49,1,3,0,2,0,0,3,0,8,2,39,0,0,1,0,0,1,0,0,0,0,0,0,3,0
2,175,54,11,1,0,10,0,0,1,7,7,11,0,0,0,1,0,1,0,0,1,1,0,0,0,0,5
2,176,36,3,8,0,18,1,0,1,14,2,4,0,7,0,0,0,0,0,1,1,0,0,1,0,2,0
2,177,31,0,4,0,6,2,0,3,14,3,6,0,0,0,0,0,0,0,0,0,0,1,0,0,0,4
2,178,69,3,5,0,7,1,0,3,11,13,8,21,0,0,0,0,0,1,0,1,1,1,0,0,0,6
2,179,39,3,1,0,4,0,0,0,6,6,0,22,0,0,1,0,0,1,0,0,0,0,0,0,3,0
2,180,47,2,12,0,10,0,1,1,3,8,8,24,10,0,0,0,0,1,0,0,1,1,1,0,3,0
2,181,44,3,12,0,7,1,2,10,8,14,6,0,0,0,0,0,0,0,1,0,0,1,0,0,0,6
2,182,51,7,9,0,2,0,0,9,3,12,11,20,0,0,1,0,0,1,1,0,1,1,0,1,1,6
2,183,57,2,11,0,6,1,1,2,8,10,13,0,9,0,0,0,1,0,0,0,0,1,1,0,7,5
2,184,57,1,14,0,7,1,1,0,10,12,12,0,0,13,0,0,1,0,0,0,1,1,0,1,8,5
2,185,83,5,3,0,5,0,0,3,9,17,14,4,0,0,1,0,1,0,0,0,1,1,0,0,0,6
2,186,78,1,10,0,7,0,0,1,9,10,9,24,9,0,0,1,1,1,0,0,0,1,1,1,3,0
2,187,37,3,12,0,9,0,1,1,10,6,10,0,0,11,0,0,0,0,0,0,0,1,0,1,0,4
2,188,59,3,0,0,5,0,0,0,23,9,3,12,0,0,1,1,0,0,0,0,0,1,0,0,0,4
2,189,61,4,9,0,2,0,0,9,6,16,5,24,0,0,1,0,0,1,1,0,1,0,0,0,1,0
2,190,61,1,21,0,4,0,0,5,11,7,4,32,16,0,0,0,0,1,0,0,0,1,1,0,7,0
2,191,49,1,16,0,5,1,0,6,10,10,18,0,10,0,0,0,0,0,0,0,1,0,1,0,0,0
2,192,54,3,24,0,11,0,0,3,5,11,10,0,19,1,0,0,1,0,1,1,1,1,1,1,8,0
2,193,94,1,10,0,9,0,0,10,12,20,2,38,0,0,0,1,0,1,1,0,1,1,0,0,0,0
2,194,59,0,9,0,13,2,0,1,5,6,1,41,8,0,0,0,0,1,0,0,1,0,1,0,3,6
2,195,36,3,13,0,14,1,0,0,16,11,3,0,8,4,0,0,0,0,0,1,0,1,1,1,0,4
2,196,54,3,18,0,19,0,0,1,16,14,14,2,17,0,0,1,0,0,0,1,1,0,1,0,7,5
2,197,77,1,1,0,7,0,0,0,7,26,13,20,0,0,1,1,0,1,0,0,0,1,0,0,0,4
2,198,54,0,2,0,4,0,0,2,6,12,17,6,0,0,1,0,0,1,1,0,1,1,0,0,3,6
2,199,49,4,7,0,11,0,0,0,5,10,5,11,7,0,1,0,1,0,0,1,0,1,1,1,0,4
2,200,43,2,21,0,6,0,0,0,2,18,11,5,7,13,1,0,0,0,0,0,0,1,1,1,8,5
2,201,62,2,10,0,14,0,0,1,5,16,13,3,9,0,0,1,1,0,0,1,1,1,1,0,1,0
2,202,76,2,17,0,10,0,0,0,13,11,3,24,16,1,1,0,1,1,0,0,1,0,1,1,3,0
2,203,42,3,3,0,8,0,0,0,2,13,8,8,0,2,1,0,0,0,0,1,1,1,0,1,0,5
2,204,46,0,8,0,7,0,0,6,3,10,10,0,0,2,0,0,1,0,1,0,0,1,0,1,0,5
2,205,44,3,1,0,9,0,0,1,4,5,4,0,0,0,0,0,1,0,0,1,1,1,0,0,1,4
2,206,55,1,26,0,12,1,0,9,14,13,8,4,17,0,0,1,0,0,1,0,0,1,1,0,7,0
2,207,44,1,14,0,7,0,0,6,11,16,10,0,8,0,0,0,0,0,1,0,1,0,1,0,0,6
2,208,91,1,0,0,7,0,0,0,13,11,11,29,0,0,0,1,1,1,0,0,0,1,0,0,0,6
2,209,60,2,5,0,9,1,0,5,3,8,6,25,0,0,0,0,1,1,0,0,1,0,0,0,3,4
2,210,30,0,9,0,9,1,0,2,4,12,7,0,7,0,0,0,0,0,0,0,0,0,1,0,0,0
2,211,67,1,6,0,14,1,0,1,5,9,10,13,0,5,0,0,1,1,0,0,1,0,0,1,1,4
2,212,48,0,11,0,3,1,0,6,6,9,18,0,0,4,0,0,0,0,1,0,1,0,0,1,1,5
2,213,39,1,21,0,5,0,0,3,9,9,16,0,17,0,0,0,0,0,1,0,1,0,1,0,7,4
2,214,65,0,5,0,3,1,0,5,5,6,0,40,0,0,0,0,1,1,0,0,0,0,0,0,0,5
2,215,58,1,8,0,1,0,0,8,3,7,5,19,0,0,0,0,1,1,1,0,1,0,0,0,3,5
2,216,62,4,4,0,5,0,0,4,6,9,9,0,0,0,0,0,1,0,0,0,1,0,0,0,1,0
2,217,76,4,10,0,9,0,0,10,16,7,8,31,0,0,0,1,0,1,1,1,0,1,0,1,3,4
2,218,77,2,9,0,8,0,0,5,10,16,14,7,0,4,0,1,1,0,0,0,1,1,0,1,0,4
2,219,59,4,7,0,8,0,0,0,17,10,11,11,6,0,1,1,0,0,0,0,0,1,1,0,2,0
2,220,70,1,1,0,16,1,0,1,28,15,12,3,0,0,0,1,0,0,0,0,1,1,0,0,2,0
2,221,66,2,10,0,6,0,0,0,9,16,13,0,8,0,0,0,1,0,0,0,1,1,1,0,0,4
2,222,47,3,12,0,6,0,1,5,7,5,8,0,7,0,0,0,1,0,1,0,1,0,1,0,1,0
2,223,33,2,20,0,10,1,1,2,13,5,4,0,15,0,0,0,0,0,0,0,1,0,1,0,7,6
2,224,41,4,11,0,6,2,0,1,10,11,6,0,9,0,0,0,0,0,1,1,1,1,1,0,7,0
2,225,45,1,8,0,14,0,0,0,1,8,15,21,8,0,0,0,0,1,0,1,0,0,1,0,0,5
2,226,51,4,0,0,7,0,0,0,4,10,20,8,0,0,1,1,0,0,0,0,0,1,0,0,2,0
2,227,73,0,1,0,18,3,0,1,6,21,15,5,0,0,0,1,1,0,0,0,0,1,0,0,0,4
2,228,66,2,11,0,10,0,0,11,8,6,6,33,0,0,0,0,0,1,1,0,1,0,0,0,3,0
2,229,69,4,5,0,5,0,0,5,7,9,13,20,0,0,1,0,0,1,1,0,1,1,0,0,0,6
2,230,56,5,0,0,5,0,0,0,16,12,19,6,0,0,1,0,0,0,0,0,1,1,0,0,2,0
2,231,73,0,23,0,4,0,0,3,8,22,14,26,20,0,1,0,0,1,1,0,1,1,1,0,0,5
2,232,50,3,17,0,5,0,0,5,2,8,4,18,9,3,0,0,1,1,1,1,1,0,1,1,0,4
2,233,44,2,2,0,6,1,2,1,8,8,7,0,0,0,0,0,0,0,0,0,1,1,0,0,1,0
2,234,60,2,10,0,9,3,0,3,11,10,21,0,0,6,0,0,0,0,1,0,1,1,0,1,8,0
2,235,61,3,2,0,6,0,0,1,14,8,3,23,0,0,0,1,0,1,0,0,1,0,0,0,0,6
2,236,34,0,18,0,12,0,0,1,7,11,11,0,16,0,0,0,0,0,0,0,0,1,1,0,0,5
2,237,74,5,2,0,18,0,3,2,16,19,30,0,0,0,0,1,0,0,0,0,1,0,0,1,1,0
2,238,85,9,7,0,8,0,0,0,8,13,12,46,7,0,1,1,0,1,0,0,0,1,1,0,7,0
2,239,46,0,13,0,7,1,0,4,12,16,6,3,8,0,0,1,0,0,0,0,0,0,1,0,0,0
2,240,59,1,14,0,10,0,0,7,12,11,9,12,7,0,0,0,0,1,1,0,1,1,1,0,0,4
2,241,81,1,0,0,5,2,0,0,12,21,6,16,0,0,0,1,1,1,0,0,0,1,0,0,3,6
2,242,71,8,0,0,10,0,0,0,5,13,4,20,0,0,1,0,1,1,0,0,1,1,0,1,0,0
2,243,44,1,4,0,4,0,1,3,3,10,2,0,0,0,0,0,1,0,0,0,1,0,0,0,1,5
2,244,64,11,3,0,7,1,1,2,10,13,8,4,0,0,1,0,1,0,0,0,1,0,0,0,1,0
2,245,73,2,0,0,12,2,0,0,8,7,0,54,0,0,0,0,0,1,0,1,0,0,0,0,3,0
2,246,61,1,4,0,5,1,0,4,0,18,7,21,0,0,1,0,0,1,1,0,0,1,0,0,0,6
2,247,51,4,19,0,10,0,0,0,11,11,14,8,17,0,1,0,0,0,0,1,1,1,1,0,2,4
2,248,49,3,2,0,8,0,0,2,11,6,6,23,0,0,0,1,0,1,0,1,0,0,0,1,1,6
2,249,54,6,7,0,20,0,0,1,2,14,2,27,6,0,1,0,0,1,0,0,0,0,1,1,8,0
2,250,49,2,4,0,4,1,1,4,7,10,0,0,0,0,0,0,1,0,1,0,0,1,0,0,0,4
2,251,42,4,1,0,10,2,0,0,3,7,8,18,0,0,0,0,0,1,0,1,0,1,0,0,3,6
2,252,37,2,13,0,13,0,0,4,4,7,17,3,9,0,1,0,0,0,0,1,1,0,1,0,2,4
2,253,62,4,8,0,9,0,0,8,9,22,8,13,0,0,0,1,0,1,1,1,0,1,0,1,0,4
2,254,79,0,6,0,5,0,0,6,5,17,8,39,0,0,1,1,0,1,0,0,1,1,0,0,1,0
2,255,43,2,32,0,7,1,1,6,8,15,10,0,18,7,0,0,0,0,0,0,1,0,1,1,7,0
2,256,43,1,1,0,8,0,0,1,4,8,7,0,0,0,0,0,1,0,0,0,0,0,0,0,0,5
3,1,74,2,1,0,7,1,0,1,12,7,5,23,0,0,0,1,1,1,0,1,0,1,0,0,3,4
3,2,70,7,1,0,7,1,0,1,20,15,18,2,0,0,1,1,0,0,1,0,1,1,0,1,2,4
3,3,82,4,1,0,11,0,0,0,8,15,13,33,0,0,0,1,0,1,0,0,1,1,0,0,0,5
3,4,58,4,16,0,5,2,1,2,5,18,8,16,0,13,0,0,0,1,0,0,0,1,0,1,8,6
3,5,83,9,5,0,6,0,0,5,14,21,11,0,0,0,1,0,1,0,1,0,1,1,0,0,2,0
3,6,75,6,8,0,8,1,0,8,12,25,11,15,0,0,1,1,0,1,1,0,0,1,0,0,1,6
3,7,53,4,25,0,5,1,1,1,5,13,19,0,7,17,0,0,0,0,0,0,0,1,1,1,8,5
3,8,95,2,28,0,5,1,0,1,14,19,15,38,18,8,1,0,0,1,0,0,1,1,1,1,7,4
3,9,55,9,11,0,6,1,0,2,8,7,4,29,9,0,0,0,0,1,0,1,1,1,1,0,3,6
3,10,68,6,25,0,8,1,0,0,24,11,7,12,17,7,0,1,0,1,0,0,1,1,1,1,8,6
3,11,76,0,11,0,11,2,0,9,5,19,2,43,0,1,0,0,0,1,1,0,0,1,0,1,3,0
3,12,59,6,19,0,15,1,0,1,9,16,10,0,16,0,0,0,0,0,0,1,0,1,1,0,7,6
3,13,67,5,5,0,7,0,0,5,4,16,17,15,0,0,1,0,0,1,0,1,1,1,0,0,1,5
3,14,52,1,23,0,6,3,1,3,9,19,8,0,8,11,0,0,0,0,1,0,0,1,1,1,8,6
3,15,77,3,9,0,7,0,0,7,15,19,8,0,0,0,0,0,1,0,1,0,1,1,0,0,2,0
3,16,63,4,2,0,6,2,0,0,7,16,7,0,0,0,0,0,1,0,0,0,1,1,0,0,0,5
3,17,85,0,14,0,9,2,0,2,15,16,7,31,0,11,0,0,0,1,0,0,1,1,0,1,8,0
3,18,60,10,17,0,5,1,0,8,5,6,7,29,9,0,1,0,0,1,1,0,1,1,1,0,3,6
3,19,49,7,22,0,7,0,2,12,2,11,0,19,0,10,0,0,0,1,1,1,1,1,0,1,1,0
3,20,69,6,7,0,9,2,2,7,9,21,12,0,0,0,0,0,0,0,1,0,1,1,0,0,0,6
3,21,59,3,1,0,5,2,0,1,9,9,13,17,0,0,0,0,0,1,0,1,1,1,0,0,3,5
3,22,63,5,2,0,12,1,0,1,14,9,2,18,0,0,0,1,0,1,0,1,0,1,0,0,2,4
3,23,74,1,4,0,2,3,1,2,2,18,16,0,0,0,0,0,1,0,1,0,0,1,0,0,0,5
3,24,57,0,11,0,17,1,0,7,19,14,11,4,0,4,0,1,0,0,0,0,0,1,0,1,0,0
3,25,73,9,32,0,18,1,0,1,5,18,5,33,26,4,1,0,0,1,0,1,0,1,1,1,7,4
3,26,56,4,7,0,3,1,0,5,6,10,12,0,0,0,0,0,1,0,0,1,1,1,0,0,0,4
3,27,69,5,19,0,7,2,0,1,10,13,14,0,10,8,0,0,1,0,0,1,1,1,1,1,8,0
3,28,83,2,19,0,9,0,0,1,7,10,22,31,0,18,0,0,0,1,0,0,1,1,0,1,8,5
3,29,50,6,1,0,6,1,0,1,5,7,9,25,0,0,1,0,0,1,0,0,0,1,0,0,2,0
3,30,65,5,14,0,11,1,1,14,12,25,18,0,0,0,0,0,0,0,1,0,1,1,0,0,0,4
3,31,73,0,17,0,13,0,0,7,10,15,9,27,9,0,1,0,0,1,0,0,0,1,1,1,3,4
3,32,69,4,2,0,12,1,0,0,9,16,29,0,0,0,0,1,0,0,0,1,0,1,0,0,2,5
3,33,61,3,1,0,13,1,0,0,13,12,7,0,0,0,0,0,1,0,0,1,0,1,0,0,0,0
3,34,67,3,10,0,3,0,0,3,7,17,9,0,7,0,0,0,1,0,0,0,0,1,1,1,7,0
3,35,66,3,3,0,11,0,0,0,4,14,6,31,0,1,0,0,0,1,0,1,0,1,0,1,3,6
3,36,73,4,3,0,17,1,1,2,14,21,13,2,0,0,0,1,0,0,1,0,1,1,0,0,1,0
3,37,42,5,17,0,24,1,1,7,13,8,9,0,0,9,0,0,0,0,0,1,0,1,0,1,8,6
3,38,59,12,15,0,6,0,0,6,7,14,14,5,8,0,1,0,0,0,1,0,0,1,1,0,7,6
3,39,84,3,2,0,15,2,1,2,25,10,17,0,0,0,0,1,0,0,0,0,1,1,0,0,1,5
3,40,77,1,2,0,3,1,0,1,19,4,7,16,0,0,0,0,1,1,0,0,0,1,0,0,0,4
3,41,83,2,34,0,9,0,1,12,30,12,8,11,21,0,1,1,0,0,1,0,1,1,1,0,7,0
3,42,79,2,6,0,5,0,0,6,3,17,17,18,0,0,0,1,1,1,1,0,0,1,0,0,0,0
3,43,52,6,19,0,7,3,0,1,4,15,22,2,0,18,1,0,0,0,0,0,0,1,0,1,8,6
3,44,44,4,30,0,23,2,1,8,12,6,12,0,18,2,0,0,0,0,1,1,1,1,1,1,0,0
3,45,67,0,8,0,8,1,0,5,4,16,12,0,0,2,0,0,1,0,0,0,0,1,0,1,2,5
3,46,78,4,3,0,10,1,1,3,10,8,6,44,0,0,0,0,0,1,0,1,0,1,0,0,0,6
3,47,101,4,0,0,8,0,0,0,21,9,9,26,0,0,0,1,1,1,0,0,0,1,0,0,3,5
3,48,68,2,1,0,12,0,0,1,13,6,11,26,0,0,0,1,0,1,0,1,0,1,0,0,3,0
3,49,58,2,17,0,6,0,1,1,7,10,22,0,0,14,0,0,0,0,0,0,1,1,0,1,1,5
3,50,55,9,9,0,17,0,0,7,9,17,16,0,0,0,0,0,0,0,1,1,0,1,0,1,0,6
3,51,71,1,7,0,7,0,0,2,12,12,17,0,0,4,0,0,0,0,0,0,1,1,0,1,1,4
3,52,78,0,1,0,16,0,0,1,28,19,9,4,0,0,1,1,0,0,0,0,0,1,0,1,2,4
3,53,61,5,1,0,5,0,1,1,22,16,4,0,0,0,1,0,0,0,0,0,1,1,0,0,0,0
3,54,68,7,26,0,18,0,1,2,13,12,15,0,10,14,0,0,1,0,0,0,0,1,1,1,8,0
3,55,85,0,15,0,4,1,0,9,18,4,17,30,0,3,0,0,0,1,1,0,1,1,0,1,2,5
3,56,71,5,11,0,6,0,1,8,8,10,11,26,0,2,0,0,0,1,0,0,1,1,0,1,1,0
3,57,64,3,10,0,7,1,1,4,12,17,13,0,0,4,0,0,1,0,1,0,1,1,0,1,8,0
3,58,70,6,6,0,8,1,2,5,22,17,9,2,0,0,0,1,0,0,0,0,1,1,0,0,2,5
3,59,85,2,1,0,9,0,0,1,10,21,8,6,0,0,0,1,1,0,0,0,1,1,0,1,0,4
3,60,61,2,7,0,10,1,1,6,11,18,16,5,0,0,0,1,0,0,1,0,1,1,0,0,0,0
3,61,80,0,6,0,2,3,0,5,17,7,7,14,0,0,0,0,1,1,1,0,0,1,0,0,3,0
3,62,64,4,3,0,7,2,2,3,24,15,4,4,0,0,1,0,0,0,0,0,1,1,0,0,1,0
3,63,76,5,9,0,5,1,1,2,21,7,17,0,6,0,0,0,1,0,0,0,1,1,1,0,7,6
3,64,88,4,20,0,13,1,1,1,19,15,17,24,18,0,0,0,0,1,0,0,1,1,1,0,7,6
3,65,51,6,11,0,10,3,0,0,11,8,10,0,6,4,0,0,0,0,0,1,1,1,1,1,2,4
3,66,91,3,1,0,6,1,0,1,10,20,5,25,0,0,0,1,1,1,0,0,1,1,0,0,1,0
3,67,48,5,9,0,5,2,0,0,7,10,8,12,8,0,0,0,0,1,0,0,0,1,1,0,2,0
3,68,84,2,23,0,4,0,0,6,13,21,16,22,16,0,0,1,0,1,1,0,1,1,1,0,7,6
3,69,79,3,4,0,9,0,3,3,22,15,15,2,0,0,0,1,0,0,1,0,1,1,0,0,1,5
3,70,92,4,2,0,12,2,0,1,8,18,9,50,0,0,0,1,0,1,0,1,0,1,0,0,3,0
3,71,90,3,9,0,9,1,1,0,10,10,15,35,8,0,1,0,0,1,0,0,1,1,1,0,1,5
3,72,51,5,6,0,6,0,1,4,7,13,2,21,0,2,0,0,0,1,1,0,1,1,0,1,3,0
3,73,65,1,28,0,13,1,0,12,10,25,9,3,0,16,0,1,0,0,1,0,0,1,0,1,8,0
3,74,77,5,16,0,6,2,0,0,9,14,19,0,16,0,0,0,1,0,0,0,0,1,1,0,7,5
3,75,82,0,9,0,6,1,0,9,9,13,14,31,0,0,0,1,0,1,1,0,0,1,0,0,0,0
3,76,61,0,16,0,11,0,0,13,13,14,15,0,0,0,0,0,0,0,1,0,0,1,0,0,0,0
3,77,86,8,7,0,7,1,0,7,7,18,12,45,0,0,1,1,0,1,0,0,0,1,0,0,3,6
3,78,62,1,6,0,5,3,0,6,12,12,17,0,0,0,0,0,0,0,0,0,1,1,0,0,1,5
3,79,114,4,17,0,6,0,1,0,12,13,11,54,16,0,0,0,1,1,0,0,0,1,1,0,7,4
3,80,57,3,3,0,17,1,0,2,22,10,6,0,0,0,0,0,0,0,0,0,1,1,0,0,0,0
3,81,68,0,4,0,3,0,0,4,9,6,9,0,0,0,0,1,1,0,1,0,0,1,0,1,1,4
3,82,96,7,2,0,3,0,0,1,12,16,5,38,0,0,1,0,1,1,0,0,1,1,0,0,0,0
3,83,67,0,15,0,5,2,0,0,10,7,13,25,14,0,0,0,0,1,0,0,0,1,1,0,7,5
3,84,54,5,29,0,11,0,1,8,3,20,18,0,0,19,0,0,0,0,0,0,0,1,0,1,8,0
3,85,75,4,9,0,14,1,0,0,10,25,15,13,9,0,0,1,0,1,0,0,0,1,1,1,2,5
3,86,47,0,14,0,12,7,0,0,4,16,17,0,0,13,0,0,0,0,0,0,0,1,0,1,8,5
3,87,78,2,5,0,11,0,0,5,22,22,14,4,0,0,1,1,0,0,1,0,0,1,0,0,2,4
3,88,86,3,4,0,8,2,1,1,7,17,21,24,0,0,0,0,0,1,0,0,1,1,0,0,2,5
3,89,50,3,4,0,7,1,0,3,6,10,7,0,0,0,0,0,1,0,0,1,0,1,0,0,0,6
3,90,73,4,6,0,15,2,0,5,3,14,4,44,0,0,0,0,0,1,0,0,1,1,0,0,3,6
3,91,85,6,10,0,7,0,1,10,6,21,15,0,0,0,1,0,1,0,1,0,1,1,0,0,1,0
3,92,88,3,12,0,8,0,3,5,13,17,14,21,0,7,0,0,1,1,1,0,1,1,0,1,1,0
3,93,51,2,30,0,10,3,0,9,14,13,9,0,18,3,0,0,0,0,1,0,0,1,1,1,8,0
3,94,70,5,13,0,3,2,0,3,17,19,5,0,9,0,0,0,1,0,0,0,1,1,1,0,2,0
3,95,51,3,21,0,7,0,0,0,10,11,5,19,0,20,1,0,0,1,0,1,0,1,0,1,8,6
3,96,73,3,15,0,10,0,2,2,13,15,11,6,10,0,1,0,0,0,0,0,1,1,1,0,1,4
3,97,54,8,24,0,6,0,1,4,23,15,4,1,6,14,0,1,0,0,0,1,0,1,1,1,8,0
3,98,63,7,2,0,13,0,0,2,21,5,6,0,0,0,0,0,1,0,0,0,0,1,0,0,0,0
3,99,82,5,20,0,4,1,0,0,6,18,9,23,8,12,1,0,1,1,0,0,1,1,1,1,8,6
3,100,52,5,3,0,4,0,2,2,2,12,25,0,0,0,0,0,0,0,1,1,1,1,0,0,0,4
3,101,57,2,24,0,14,3,1,4,11,22,10,0,19,0,0,0,0,0,0,0,0,1,1,0,7,0
3,102,55,5,5,0,13,0,2,2,7,15,13,12,0,2,0,0,0,1,0,1,1,1,0,1,0,0
3,103,98,3,2,0,15,2,1,2,11,29,16,25,0,0,1,1,0,1,0,0,1,1,0,0,3,6
3,104,48,4,17,0,6,1,2,2,3,10,24,0,0,13,0,0,0,0,0,0,0,1,0,1,8,0
3,105,76,2,23,0,4,1,0,7,3,12,10,36,9,5,0,0,0,1,1,0,0,1,1,1,3,0
3,106,72,5,1,0,15,2,1,1,12,10,11,29,0,0,0,0,0,1,0,0,1,1,0,0,0,0
3,107,65,9,11,0,12,2,0,0,13,11,3,29,10,0,1,0,0,1,0,0,0,1,1,0,7,5
3,108,51,13,32,0,11,1,1,5,7,19,8,0,26,0,1,0,0,0,1,1,1,1,1,0,7,4
3,109,80,2,2,0,9,1,0,1,15,23,2,11,0,0,1,1,0,0,0,0,1,1,0,0,2,4
3,110,78,1,2,0,10,0,1,2,22,13,11,22,0,0,1,1,0,1,0,0,0,1,0,1,8,5
3,111,52,10,7,0,7,1,0,0,18,8,10,0,0,6,0,0,0,0,0,0,1,1,0,1,2,0
3,112,61,0,3,0,3,0,0,3,1,11,11,29,0,0,0,1,0,1,1,0,1,1,0,1,2,4
3,113,63,3,10,0,13,2,0,0,22,17,10,0,9,0,0,0,0,0,0,0,1,1,1,0,7,0
3,114,70,0,2,0,10,0,0,1,19,14,18,3,0,0,0,1,0,0,0,0,0,1,0,0,2,5
3,115,75,0,9,0,1,1,0,0,13,8,1,26,8,0,1,0,1,1,0,0,1,1,1,1,0,6
3,116,57,6,7,0,10,0,1,7,7,18,13,10,0,0,1,1,0,0,0,1,1,1,0,0,1,0
3,117,76,2,15,0,13,1,0,6,10,23,17,0,6,3,0,1,1,0,1,1,0,1,1,1,8,5
3,118,77,5,9,0,6,0,3,3,12,13,1,0,0,3,0,0,1,0,0,0,1,1,0,1,1,0
3,119,65,13,11,0,12,1,1,2,10,19,13,9,9,0,1,1,0,0,0,1,0,1,1,0,7,6
3,120,82,2,3,0,7,2,0,1,10,13,9,27,0,0,0,0,1,1,0,0,0,1,0,0,3,5
3,121,70,9,5,0,11,1,0,4,10,27,16,0,0,0,1,1,0,0,1,0,0,1,0,0,2,4
3,122,81,3,15,0,6,1,0,0,9,17,12,11,15,0,1,0,1,0,0,0,1,1,1,1,7,4
3,123,72,6,7,0,10,3,0,0,17,31,8,3,0,6,0,1,0,0,0,0,0,1,0,1,2,4
3,124,86,2,13,0,6,0,0,3,19,17,6,7,9,0,1,0,1,0,0,0,0,1,1,0,2,0
3,125,43,13,10,0,12,0,1,10,7,14,3,0,0,0,1,0,0,0,1,1,0,1,0,1,0,0
3,126,49,6,6,0,4,0,0,6,4,11,3,28,0,0,0,0,0,1,1,1,0,1,0,0,3,0
3,127,80,5,1,0,15,1,0,1,15,19,11,1,0,0,0,1,1,0,0,0,0,1,0,0,0,6
3,128,83,6,14,0,15,1,2,7,4,10,5,60,7,0,0,0,0,1,0,1,1,1,1,0,3,6
3,129,95,4,1,0,9,0,0,1,11,13,12,36,0,0,1,1,1,1,0,0,0,1,0,0,2,5
3,130,65,1,11,0,5,1,0,4,8,9,9,29,7,0,0,0,0,1,0,0,1,1,1,0,3,6
3,131,67,6,9,0,12,0,1,1,15,7,6,11,0,8,0,0,1,1,0,0,1,1,0,1,1,4
3,132,63,0,12,0,5,2,0,12,11,9,3,19,0,0,0,1,0,1,1,0,0,1,0,1,3,4
3,133,61,1,8,0,5,0,0,0,19,7,4,0,6,0,0,0,1,0,0,0,0,1,1,0,0,0
3,134,67,2,4,0,9,0,0,4,9,7,6,13,0,0,0,0,1,1,0,0,0,1,0,0,2,5
3,135,73,1,14,0,5,1,1,14,5,24,12,20,0,0,0,1,0,1,1,0,1,1,0,0,0,0
3,136,64,1,1,0,8,1,1,1,13,20,8,0,0,0,0,1,0,0,0,0,0,1,0,0,0,6
3,137,55,7,27,0,12,2,1,2,21,8,5,12,25,0,0,0,0,1,0,1,0,1,1,0,7,4
3,138,85,1,7,0,10,2,0,6,15,20,8,0,0,0,1,0,1,0,1,0,0,1,0,0,0,0
3,139,78,0,27,0,9,0,0,2,10,14,3,10,25,0,0,1,1,0,0,0,1,1,1,0,7,6
3,140,59,8,5,0,5,1,0,1,7,14,18,9,0,2,0,0,0,1,0,1,1,1,0,1,8,0
3,141,80,4,9,0,6,2,0,8,9,35,24,0,0,0,0,1,0,0,1,0,0,1,0,0,2,0
3,142,67,5,4,0,12,0,1,2,17,18,14,13,0,0,0,0,0,1,0,0,1,1,0,0,0,6
3,143,85,0,1,0,10,1,0,1,17,6,15,30,0,0,0,1,0,1,0,0,1,1,0,0,3,5
3,144,99,0,13,0,11,1,0,7,33,7,3,35,0,4,0,1,0,1,0,0,0,1,0,1,8,0
3,145,87,5,7,0,17,1,0,0,11,9,10,47,7,0,1,0,0,1,0,1,1,1,1,0,3,6
3,146,64,1,29,0,9,1,0,6,15,8,16,16,23,0,0,0,0,1,0,0,1,1,1,0,7,5
3,147,92,2,9,0,7,0,0,0,14,4,8,36,9,0,1,0,1,1,0,0,0,1,1,0,2,0
3,148,56,3,6,0,9,0,0,5,3,12,4,14,0,0,0,0,1,1,1,1,0,1,0,0,3,5
3,149,72,2,13,0,6,1,2,2,11,12,9,0,0,11,0,0,1,0,0,0,1,1,0,1,1,4
3,150,74,0,6,0,6,1,0,5,4,24,17,19,0,0,0,1,0,1,1,0,1,1,0,0,3,5
3,151,62,1,10,0,5,0,1,7,11,15,10,16,0,0,0,0,0,1,1,0,1,1,0,0,0,5
3,152,75,1,10,0,15,0,0,2,17,26,15,0,7,0,0,1,0,0,0,0,1,1,1,0,1,5
3,153,63,6,33,0,5,1,2,1,10,22,21,0,8,23,1,0,0,0,0,0,1,1,1,1,8,5
3,154,57,8,2,0,10,0,2,2,15,8,14,0,0,0,0,0,0,0,0,0,1,1,0,0,1,6
3,155,98,0,4,0,7,0,0,3,4,20,13,34,0,0,0,1,1,1,1,0,0,1,0,0,0,4
3,156,75,3,10,0,9,2,0,0,13,8,17,25,0,9,0,0,0,1,0,0,1,1,0,1,0,5
3,157,48,3,4,0,7,2,1,4,5,2,12,23,0,0,0,0,0,1,1,0,0,1,0,1,3,4
3,158,63,4,3,0,9,1,0,3,8,27,4,4,0,0,0,1,0,0,1,1,0,1,0,1,0,6
3,159,72,8,31,0,13,1,0,6,13,12,7,22,25,0,0,0,0,1,0,0,0,1,1,0,7,6
3,160,80,2,12,0,10,0,0,1,7,17,10,22,10,0,1,0,1,1,0,0,1,1,1,0,7,4
3,161,60,3,20,0,5,2,0,11,10,10,17,0,0,8,0,0,1,0,1,0,1,1,0,1,2,4
3,162,68,7,13,0,9,1,1,7,3,9,1,26,0,6,0,0,1,1,0,1,1,1,0,1,3,0
3,163,95,3,15,0,11,2,0,4,30,20,32,4,9,0,0,1,0,0,0,0,1,1,1,1,2,5
3,164,106,1,11,0,13,1,0,4,19,6,10,64,7,0,0,1,0,1,0,0,1,1,1,0,3,6
3,165,66,2,5,0,4,3,2,5,5,12,10,0,0,0,0,0,1,0,0,0,1,1,0,0,1,5
3,166,111,3,5,0,4,2,2,5,9,8,3,46,0,0,0,0,1,1,1,0,1,1,0,0,3,6
3,167,79,4,6,0,14,0,0,6,9,24,17,0,0,0,0,0,1,0,1,1,1,1,0,0,0,4
3,168,71,2,5,0,10,3,0,0,36,3,12,3,0,3,0,1,0,0,0,0,0,1,0,1,2,0
3,169,68,5,14,0,13,1,1,2,14,16,7,0,0,10,0,0,0,0,1,0,1,1,0,1,0,0
3,170,48,3,37,0,7,1,0,8,12,15,5,0,10,19,0,1,0,0,1,1,0,1,1,1,2,4
3,171,64,11,11,0,11,1,4,2,9,15,8,0,9,0,0,0,0,0,0,1,1,1,1,0,1,6
3,172,69,2,6,0,10,1,1,2,8,14,10,21,0,4,0,0,0,1,1,1,1,1,0,1,1,4
3,173,71,3,34,0,9,1,3,5,3,22,7,0,8,20,0,0,1,0,1,0,0,1,1,1,8,0
3,174,60,2,16,0,3,0,0,8,11,9,11,14,0,6,0,0,0,1,1,0,1,1,0,1,2,4
3,175,58,18,12,0,9,1,0,4,17,18,6,0,0,8,1,0,0,0,1,0,0,1,0,1,0,6
3,176,53,2,13,0,11,3,0,0,18,10,14,0,0,12,0,0,0,0,0,1,1,1,0,1,8,6
3,177,65,2,12,0,9,1,0,3,5,10,9,12,0,8,0,0,1,1,0,0,0,1,0,1,3,4
3,178,62,7,20,0,20,0,2,2,19,12,8,0,0,16,0,0,0,0,0,0,1,1,0,1,8,0
3,179,81,0,1,0,7,0,0,0,10,12,11,34,0,0,0,1,0,1,0,0,1,1,0,0,3,0
3,180,51,6,27,0,10,2,1,1,12,12,19,0,23,0,0,0,0,0,0,1,0,1,1,0,7,0
3,181,96,3,6,0,9,1,1,2,13,11,7,30,0,4,0,0,1,1,0,0,1,1,0,1,1,6
3,182,78,3,5,0,8,2,0,5,5,14,7,21,0,0,0,0,1,1,1,0,0,1,0,0,3,6
3,183,52,2,3,0,6,1,1,2,4,16,23,0,0,0,0,0,0,0,1,0,1,1,0,0,1,5
3,184,120,4,7,0,9,2,0,0,6,26,16,45,0,6,0,1,1,1,0,0,0,1,0,1,3,4
3,185,66,5,24,0,20,2,1,7,13,12,12,18,17,0,0,0,0,1,0,0,0,1,1,1,7,6
3,186,53,6,28,0,5,0,0,7,12,14,2,11,20,0,0,0,0,1,1,1,1,1,1,0,7,0
3,187,61,1,8,0,9,2,1,8,5,14,14,13,0,0,0,0,0,1,1,0,1,1,0,0,2,4
3,188,46,2,5,0,5,1,0,5,13,5,16,0,0,0,0,0,0,0,1,0,1,1,0,0,2,5
3,189,84,5,2,0,11,4,0,1,13,22,8,0,0,0,0,0,1,0,0,0,1,1,0,1,0,4
3,190,79,0,1,0,5,1,0,0,3,9,5,44,0,0,0,0,1,1,0,0,0,1,0,0,3,0
3,191,60,14,6,0,6,2,2,6,11,11,11,3,0,0,1,0,0,0,1,0,1,1,0,0,0,0
3,192,63,2,5,0,5,2,0,4,11,15,16,0,0,0,0,0,0,0,0,0,1,1,0,0,2,0
3,193,81,5,9,0,3,0,0,4,3,15,11,13,0,5,1,0,1,1,1,0,1,1,0,1,3,0
3,194,57,6,1,0,9,1,0,1,7,8,7,7,0,0,1,0,1,0,0,1,1,1,0,1,2,4
3,195,60,3,0,0,12,4,0,0,15,14,16,0,0,0,0,0,0,0,0,0,1,1,0,0,0,4
3,196,70,5,9,0,8,2,0,0,24,16,11,0,0,9,0,0,0,0,0,0,1,1,0,1,8,0
3,197,114,6,18,0,7,1,1,10,25,26,10,32,8,0,1,1,0,1,1,0,1,1,1,0,2,0
3,198,65,9,8,0,5,0,0,8,9,18,7,7,0,0,1,1,0,0,1,0,1,1,0,0,1,6
3,199,74,5,10,0,6,0,1,4,11,26,2,0,0,6,0,0,1,0,1,0,1,1,0,1,8,6
3,200,72,6,32,0,10,1,0,0,13,11,12,19,26,5,0,0,0,1,0,0,0,1,1,1,7,6
3,201,102,5,11,0,7,0,0,1,14,18,17,43,8,0,0,1,0,1,0,0,1,1,1,1,3,4
3,202,82,4,13,0,6,1,0,8,11,19,13,0,0,3,0,0,1,0,1,0,1,1,0,1,8,5
3,203,71,2,1,0,8,1,0,0,10,6,18,27,0,0,0,1,0,1,0,1,1,1,0,1,3,5
3,204,70,0,23,0,12,1,0,7,28,20,6,2,15,0,0,1,0,0,1,0,0,1,1,0,7,6
3,205,68,2,3,0,13,2,0,1,14,19,7,7,0,0,0,1,0,0,0,0,1,1,0,0,1,4
3,206,95,5,13,0,13,1,1,1,13,22,19,6,8,1,0,1,1,0,0,0,0,1,1,1,8,0
3,207,66,3,1,0,8,1,1,0,23,16,8,3,0,0,1,1,0,0,0,0,1,1,0,0,2,4
3,208,59,5,18,0,18,0,1,3,15,8,14,0,0,14,0,0,0,0,0,1,1,1,0,1,1,6
3,209,78,2,4,0,9,1,0,4,8,28,7,1,0,0,0,1,1,0,1,1,0,1,0,1,0,4
3,210,74,1,3,0,7,2,1,2,0,7,1,49,0,0,0,0,1,1,0,0,0,1,0,0,3,0
3,211,68,2,29,0,6,1,0,6,5,12,15,27,7,15,0,0,0,1,1,1,1,1,1,1,8,0
3,212,76,4,13,0,6,1,0,5,11,11,16,0,7,0,0,0,1,0,1,0,1,1,1,0,0,5
3,213,79,1,6,0,2,0,0,6,9,13,5,28,0,0,0,0,1,1,1,0,1,1,0,1,3,4
3,214,81,8,4,0,14,1,0,3,21,26,13,7,0,0,1,1,0,0,0,0,0,1,0,0,2,0
3,215,56,0,7,0,5,3,0,1,9,16,15,0,0,6,0,0,0,0,0,0,0,1,0,1,0,5
3,216,66,4,5,0,6,0,0,4,10,16,9,3,0,0,0,1,1,0,1,1,1,1,0,0,0,0
3,217,74,6,3,0,7,2,2,1,18,17,18,0,0,0,0,1,0,0,0,0,1,1,0,0,1,4
3,218,54,2,9,0,15,2,2,8,6,14,14,0,0,0,0,0,0,0,0,0,1,1,0,0,1,4
3,219,44,20,1,0,9,0,0,0,15,9,4,11,0,0,1,0,0,1,0,1,1,1,0,1,2,0
3,220,67,2,13,0,10,1,1,7,14,20,10,0,0,5,0,0,1,0,1,0,0,1,0,1,8,5
3,221,76,2,17,0,13,1,0,1,19,15,12,5,0,13,0,1,1,0,0,0,0,1,0,1,2,0
3,222,55,0,7,0,9,0,0,5,8,7,2,0,0,0,0,0,1,0,1,0,0,1,0,0,0,0
3,223,86,1,6,0,5,1,0,6,9,19,10,26,0,0,1,0,1,1,1,0,0,1,0,1,3,6
3,224,67,2,1,0,14,2,0,1,13,19,8,17,0,0,0,1,0,1,0,0,1,1,0,0,3,0
3,225,77,4,19,0,6,2,0,1,12,24,20,0,16,0,0,0,1,0,0,0,1,1,1,0,7,6
3,226,95,0,4,0,6,0,0,4,10,25,13,11,0,0,1,1,1,0,1,0,0,1,0,0,2,0
3,227,74,2,14,0,9,1,2,13,7,16,18,0,0,0,0,0,1,0,1,0,1,1,0,0,1,5
3,228,74,13,2,0,14,2,1,2,17,7,5,32,0,0,1,0,0,1,0,1,0,1,0,0,0,0
3,229,69,2,2,0,5,0,0,2,1,20,7,16,0,0,0,1,1,1,0,0,1,1,0,0,3,6
3,230,114,3,12,0,7,2,0,3,5,20,14,45,8,0,0,0,1,1,1,1,1,1,1,0,2,0
3,231,73,5,2,0,12,0,0,1,16,11,10,25,0,0,0,0,0,1,0,1,0,1,0,0,0,5
3,232,70,1,4,0,13,3,0,2,14,11,15,0,0,0,0,0,1,0,0,0,1,1,0,0,1,5
3,233,95,3,8,0,7,1,0,5,14,31,15,18,0,2,1,1,0,1,0,0,1,1,0,1,2,4
3,234,64,4,12,0,5,1,1,11,14,9,1,0,0,0,0,0,1,0,1,0,1,1,0,0,1,4
3,235,52,10,14,0,7,0,0,3,3,12,1,28,9,0,1,0,0,1,0,1,0,1,1,0,3,6
3,236,63,9,10,0,4,1,0,0,6,12,7,28,7,0,1,0,0,1,0,0,1,1,1,0,3,5
3,237,53,0,23,0,8,1,0,15,9,7,26,0,7,0,0,0,0,0,1,0,1,1,1,0,1,4
3,238,61,1,20,0,14,2,0,4,9,22,7,8,16,0,0,1,0,0,1,0,0,1,1,1,7,4
3,239,66,2,4,0,21,2,2,2,16,13,10,0,0,2,0,0,0,0,0,0,1,1,0,1,1,0
3,240,72,5,17,0,9,1,1,10,8,13,21,0,7,0,0,0,0,0,1,0,1,1,1,0,1,4
3,241,88,7,18,0,11,2,1,6,19,12,8,36,11,0,0,0,0,1,0,0,1,1,1,0,0,6
3,242,76,2,19,0,5,0,0,0,11,8,10,35,16,0,0,0,0,1,0,0,0,1,1,0,7,0
3,243,55,3,2,0,11,0,0,1,16,14,12,0,0,0,0,1,0,0,0,1,1,1,0,0,0,5
3,244,95,3,1,0,12,0,0,1,1,27,15,22,0,0,0,1,1,1,0,0,0,1,0,1,0,0
3,245,64,0,36,0,4,0,0,10,11,12,12,0,26,0,0,0,1,0,1,0,1,1,1,0,7,0
3,246,103,2,2,0,7,0,0,2,13,21,11,42,0,0,0,1,0,1,0,0,1,1,0,0,3,6
3,247,98,5,15,0,10,0,0,8,17,9,20,9,7,0,1,1,1,0,1,0,0,1,1,0,0,6
3,248,78,5,18,0,7,0,0,1,16,17,6,16,16,0,0,1,1,1,0,1,0,1,1,0,0,6
3,249,84,4,34,0,15,1,1,8,23,16,20,0,25,0,0,1,1,0,1,1,0,1,1,0,7,0
3,250,54,3,6,0,7,1,1,6,8,18,17,0,0,0,0,0,0,0,1,0,0,1,0,0,0,5
3,251,75,2,20,0,8,0,1,12,9,12,3,38,8,0,0,1,0,1,1,1,0,1,1,0,7,6
3,252,54,4,28,0,10,0,0,4,12,25,6,0,23,0,0,1,0,0,0,1,1,1,1,1,7,4
3,253,59,2,2,0,9,1,0,0,11,19,11,0,0,0,0,0,0,0,0,0,1,1,0,0,2,5
3,254,80,4,18,0,11,2,0,3,13,21,16,0,0,14,0,0,1,0,0,0,1,1,0,1,8,6
3,255,53,2,9,0,11,1,1,7,12,17,16,0,0,0,0,1,0,0,0,0,1,1,0,1,2,4
3,256,58,0,16,0,16,2,0,0,7,11,20,0,15,0,0,0,1,0,0,0,0,1,1,0,7,5
4,1,58,5,7,1,22,3,0,5,12,20,9,0,0,0,0,0,0,0,0,1,1,1,0,0,2,0
4,2,81,4,7,1,10,3,0,5,12,12,16,31,0,0,0,0,0,1,0,1,1,1,0,1,8,5
4,3,78,5,9,1,10,0,2,8,13,14,11,23,0,0,0,0,0,1,1,0,1,0,0,1,1,4
4,4,82,5,4,1,7,1,2,3,16,10,10,19,0,0,0,0,1,1,0,0,1,0,0,0,0,0
4,5,72,0,9,1,7,2,0,6,3,21,13,3,0,2,0,1,1,0,0,0,0,0,0,1,2,0
4,6,73,5,23,1,9,2,1,1,17,7,25,15,0,22,0,0,0,1,0,0,1,1,0,1,8,0
4,7,82,4,7,1,5,2,2,7,8,15,1,21,0,0,1,0,0,1,1,0,1,0,0,1,1,6
4,8,55,7,14,1,19,1,0,0,10,8,24,0,8,6,0,0,0,0,0,0,0,1,1,1,0,5
4,9,74,1,15,1,10,1,0,6,7,16,11,0,0,7,0,0,1,0,0,0,1,0,0,1,2,4
4,10,63,9,23,1,17,1,2,3,11,23,9,10,10,9,0,1,0,0,0,0,0,0,1,1,8,6
4,11,71,4,7,1,7,2,1,6,11,13,15,14,0,0,0,0,0,1,1,1,1,1,0,0,1,0
4,12,66,1,15,1,11,4,0,2,22,8,24,0,0,13,0,0,0,0,0,0,0,1,0,1,0,5
4,13,87,7,8,1,8,0,2,0,17,10,18,33,0,8,0,0,0,1,0,0,1,0,0,1,3,4
4,14,107,10,6,1,17,0,0,6,16,13,14,39,0,0,1,0,0,1,1,0,1,1,0,0,0,0
4,15,78,3,12,1,15,0,2,2,9,29,13,16,0,10,0,1,0,1,0,0,0,1,0,1,2,0
4,16,67,4,11,1,8,3,0,8,6,15,15,0,0,0,0,0,1,0,1,1,0,1,0,0,0,0
4,17,51,5,3,1,12,3,0,1,17,9,8,8,0,0,1,0,0,0,0,1,0,0,0,0,2,0
4,18,81,4,17,1,8,2,0,2,13,24,11,15,0,15,0,0,0,1,0,1,1,1,0,1,8,6
4,19,63,5,9,1,15,0,1,8,9,8,14,0,0,0,0,0,0,0,1,0,1,1,0,0,1,4
4,20,76,7,7,1,11,0,0,2,10,10,10,27,0,4,0,0,0,1,0,1,0,1,0,1,0,6
4,21,83,2,0,1,6,2,0,0,8,10,5,54,0,0,0,0,0,1,0,0,0,0,0,0,3,4
4,22,83,16,9,1,7,0,1,2,18,15,10,6,7,0,1,0,1,0,0,1,1,1,1,0,0,6
4,23,73,5,13,1,11,1,0,5,8,21,19,4,7,0,0,1,0,0,0,0,0,1,1,0,2,0
4,24,83,3,1,1,16,3,0,1,2,28,17,9,0,0,0,1,1,0,0,1,1,1,0,0,0,5
4,25,76,10,4,1,9,0,1,1,16,10,1,39,0,0,0,0,0,1,0,1,0,1,0,0,3,0
4,26,47,9,1,1,12,1,0,1,10,13,17,0,0,0,1,0,0,0,0,0,0,1,0,0,0,5
4,27,97,7,5,1,12,1,0,2,21,6,11,44,0,0,0,0,0,1,0,0,0,0,0,0,2,0
4,28,71,4,4,1,8,2,2,2,12,12,8,0,0,0,0,0,1,0,0,0,1,0,0,0,1,4
4,29,62,5,27,1,4,0,1,1,4,15,2,18,25,0,1,0,1,1,0,0,0,0,1,0,7,0
4,30,62,3,2,1,23,2,1,2,13,14,20,0,0,0,0,0,0,0,0,0,0,1,0,0,0,5
4,31,64,16,9,1,16,3,0,1,13,20,19,0,7,0,1,0,0,0,0,0,0,1,1,0,2,5
4,32,82,2,2,1,9,1,0,2,14,14,16,34,0,0,0,1,0,1,0,1,0,0,0,0,0,0
4,33,72,3,7,1,10,3,0,1,2,14,5,26,0,5,0,0,1,1,0,0,0,0,0,1,3,5
4,34,60,2,6,1,11,4,0,6,17,9,23,0,0,0,0,0,0,0,1,0,0,1,0,1,0,0
4,35,88,3,9,1,16,2,1,8,26,11,7,17,0,0,0,0,0,1,1,0,1,0,0,0,2,0
4,36,49,3,8,1,16,0,0,0,8,17,9,9,8,0,1,0,0,0,0,1,0,0,1,1,0,4
4,37,107,5,5,1,8,1,3,3,11,12,20,45,0,1,1,0,0,1,0,0,0,1,0,1,3,6
4,38,75,3,11,1,15,2,1,1,10,26,11,0,9,0,0,1,0,0,0,0,1,1,1,0,0,0
4,39,73,0,2,1,14,2,0,1,13,28,14,2,0,0,0,1,0,0,0,0,0,1,0,0,2,0
4,40,91,2,12,1,10,1,0,4,18,18,21,14,7,0,1,1,0,0,1,0,1,0,1,0,2,0
4,41,57,8,17,1,16,0,2,7,23,9,9,0,8,2,0,0,0,0,0,0,1,0,1,1,8,0
4,42,67,3,4,1,12,0,0,2,5,19,13,0,0,0,0,0,1,0,0,0,0,0,0,0,0,6
4,43,59,4,0,1,11,4,0,0,3,11,6,37,0,0,0,0,0,1,0,1,0,0,0,0,3,4
4,44,68,6,3,1,8,0,0,2,24,14,22,0,0,0,0,1,0,0,0,1,1,0,0,1,2,4
4,45,76,5,33,1,7,1,1,6,18,15,10,0,7,20,1,0,1,0,1,1,0,1,1,1,8,6
4,46,73,7,16,1,13,1,4,5,18,14,14,0,9,0,0,0,0,0,0,0,1,1,1,0,1,0
4,47,82,3,18,1,6,1,0,9,5,7,11,30,9,0,0,0,1,1,1,1,0,0,1,0,3,5
4,48,70,1,9,1,5,2,1,7,10,25,12,0,0,0,0,0,1,0,1,0,1,1,0,0,0,0
4,49,71,3,1,1,12,5,0,1,12,7,13,32,0,0,0,0,0,1,0,0,1,0,0,0,3,5
4,50,85,1,13,1,8,4,1,2,15,18,8,25,0,10,0,0,0,1,0,0,0,1,0,1,0,0
4,51,79,5,15,1,5,1,2,5,4,17,14,14,10,0,0,0,1,1,1,1,1,1,1,0,1,5
4,52,65,9,25,1,27,2,1,5,10,13,23,4,19,0,1,0,0,0,1,0,1,0,1,0,1,6
4,53,66,1,30,1,8,1,1,0,12,26,20,0,27,0,0,0,0,0,0,0,1,1,1,0,7,5
4,54,97,2,3,1,14,3,0,0,25,12,14,33,0,0,0,0,0,1,0,0,1,0,0,0,0,6
4,55,105,3,6,1,4,2,0,0,19,14,5,27,6,0,0,0,1,1,0,0,1,1,1,0,3,4
4,56,73,2,5,1,8,0,0,4,14,16,21,12,0,0,1,1,0,0,1,0,1,0,0,0,2,0
4,57,79,4,28,1,14,3,0,6,21,15,5,23,0,21,0,0,0,1,1,0,1,0,0,1,8,0
4,58,109,7,2,1,18,1,1,1,7,28,15,35,0,0,1,1,0,1,0,0,1,1,0,1,1,6
4,59,93,9,15,1,11,0,0,0,3,19,17,31,15,0,1,1,1,1,0,1,0,0,1,1,7,4
4,60,58,2,5,1,20,2,1,2,7,9,8,30,0,1,0,0,0,1,0,1,0,0,0,1,3,4
4,61,63,1,3,1,17,4,0,3,11,22,10,0,0,0,0,0,0,0,0,0,0,0,0,0,0,0
4,62,61,2,4,1,16,1,0,3,14,17,14,0,0,0,0,0,0,0,0,1,1,1,0,0,2,5
4,63,64,3,17,1,10,3,1,3,14,10,11,0,0,14,0,0,1,0,0,1,1,0,0,1,8,0
4,64,94,6,2,1,13,6,4,2,24,26,10,2,0,0,0,1,0,0,0,0,1,1,0,0,1,0
4,65,63,5,27,1,10,0,2,2,11,13,14,5,24,0,0,1,0,0,0,1,1,1,1,0,7,5
4,66,62,2,4,1,8,0,0,4,5,16,4,6,0,0,0,1,1,0,1,1,1,0,0,1,0,0
4,67,80,2,11,1,9,2,0,3,22,16,3,0,7,0,0,0,1,0,1,0,0,0,1,0,2,0
4,68,74,5,11,1,9,1,2,3,5,16,11,0,0,6,0,0,1,0,0,0,1,0,0,1,1,4
4,69,69,5,27,1,18,1,0,1,19,21,12,0,25,0,0,1,0,0,0,0,1,0,1,0,7,6
4,70,61,6,6,1,20,1,1,3,12,13,3,14,0,0,1,0,0,0,0,0,0,1,0,0,0,4
4,71,86,7,0,1,10,1,0,0,14,17,22,9,0,0,1,1,1,0,0,0,0,0,0,0,2,5
4,72,74,7,0,1,14,0,0,0,21,10,13,9,0,0,1,1,0,0,0,1,1,0,0,0,2,4
4,73,96,1,5,1,6,1,1,4,11,21,6,46,0,0,0,1,0,1,1,0,1,0,0,0,3,0
4,74,81,12,12,1,11,0,2,6,13,17,21,0,0,5,0,0,0,0,1,0,1,1,0,1,1,6
4,75,70,2,14,1,10,0,0,5,9,6,14,27,0,9,0,1,1,1,1,0,0,0,0,1,2,4
4,76,54,5,3,1,15,3,2,3,12,9,8,13,0,0,0,0,0,1,0,1,1,0,0,0,1,6
4,77,85,0,14,1,4,1,0,4,5,18,12,13,9,0,0,0,1,1,1,0,1,0,1,0,7,5
4,78,56,1,2,1,19,3,0,2,16,19,6,0,0,0,0,0,0,0,1,0,0,1,0,0,0,0
4,79,97,2,11,1,13,0,2,5,19,24,10,3,0,6,0,1,1,0,1,0,0,1,0,1,2,4
4,80,84,2,28,1,12,1,0,5,17,15,23,0,7,15,0,1,1,0,1,0,0,0,1,1,8,6
4,81,78,0,19,1,13,3,0,6,17,22,12,0,12,0,0,0,1,0,0,0,0,1,1,0,0,5
4,82,94,3,5,1,5,0,1,3,20,14,4,18,0,0,0,0,1,1,1,0,0,1,0,0,2,0
4,83,77,5,16,1,20,2,2,1,16,15,12,0,0,15,0,0,1,0,0,0,1,1,0,1,8,6
4,84,97,0,7,1,7,2,0,1,13,20,8,40,0,4,0,0,0,1,0,0,1,0,0,1,0,0
4,85,96,2,3,1,22,3,2,3,17,23,31,4,0,0,0,1,0,0,0,0,1,0,0,0,2,5
4,86,52,5,3,1,14,3,0,0,10,7,4,26,0,0,0,0,0,1,0,0,0,0,0,0,3,0
4,87,77,1,4,1,4,0,0,3,8,14,21,14,0,0,0,0,0,1,1,0,1,1,0,0,0,5
4,88,88,2,19,1,10,1,2,1,8,13,19,20,16,0,0,0,1,1,0,0,0,1,1,0,7,5
4,89,57,9,1,1,24,2,2,1,6,16,14,0,0,0,0,0,0,0,0,0,0,1,0,0,0,0
4,90,104,2,9,1,12,0,0,8,12,8,9,34,0,0,0,0,1,1,1,0,1,1,0,0,3,6
4,91,64,4,14,1,11,0,2,6,8,11,12,24,0,6,0,0,0,1,0,1,1,0,0,1,0,4
4,92,71,9,9,1,9,2,0,0,18,12,24,0,0,9,1,0,0,0,0,0,0,0,0,1,8,5
4,93,88,2,0,1,7,2,1,0,8,13,10,25,0,0,1,0,1,1,0,0,1,0,0,0,1,0
4,94,85,3,27,1,16,2,1,8,25,26,3,0,17,0,0,1,0,0,1,0,0,0,1,0,7,6
4,95,79,5,9,1,9,0,2,9,10,14,13,31,0,0,0,0,0,1,1,0,0,0,0,0,0,4
4,96,90,6,14,1,13,0,1,14,3,8,20,24,0,0,0,0,1,1,1,1,1,0,0,0,2,0
4,97,55,7,14,1,23,3,1,0,11,14,16,0,0,11,0,0,0,0,0,0,0,0,0,1,8,0
4,98,61,3,10,1,12,0,0,8,15,17,15,4,0,0,0,1,0,0,1,0,0,0,0,0,0,0
4,99,88,2,13,1,3,0,0,12,2,21,4,39,0,0,0,0,1,1,1,0,0,0,0,0,3,5
4,100,83,4,1,1,14,0,0,1,22,19,6,4,0,0,0,1,1,0,1,1,0,1,0,1,2,5
4,101,70,1,28,1,19,2,0,10,15,8,34,0,0,15,0,0,0,0,1,0,0,1,0,1,8,5
4,102,88,1,13,1,7,0,1,1,20,15,6,0,10,0,0,1,1,0,0,0,0,1,1,0,0,4
4,103,78,7,6,1,12,3,2,4,5,11,8,47,0,0,0,0,0,1,0,1,1,1,0,0,3,0
4,104,96,2,25,1,9,1,0,5,7,33,14,36,18,0,1,1,0,1,1,0,0,0,1,0,7,6
4,105,86,8,7,1,16,1,0,1,17,10,14,27,0,4,0,0,0,1,0,0,0,0,0,1,0,4
4,106,51,2,18,1,7,1,1,8,3,16,20,0,8,0,0,0,0,0,1,0,0,1,1,0,2,5
4,107,82,6,13,1,11,1,1,4,15,16,18,3,9,0,0,1,1,0,0,0,0,0,1,0,0,5
4,108,65,9,26,1,12,3,2,2,9,22,15,6,24,0,1,0,0,0,0,0,1,1,1,0,7,0
4,109,80,3,20,1,11,0,1,2,17,11,14,21,0,17,0,0,0,1,0,0,0,1,0,1,0,5
4,110,96,1,11,1,4,3,1,11,2,17,6,43,0,0,0,0,1,1,1,0,0,1,0,0,3,0
4,111,59,7,4,1,16,0,3,3,10,20,17,0,0,0,0,0,0,0,0,1,0,1,0,0,0,6
4,112,64,9,8,1,9,0,2,8,8,21,1,12,0,0,1,0,1,0,0,0,0,0,0,0,0,4
4,113,60,10,22,1,8,1,0,3,20,10,8,7,16,0,1,0,0,0,0,0,1,0,1,1,1,6
4,114,94,8,6,1,8,2,1,6,6,9,4,54,0,0,0,0,1,1,0,0,0,1,0,0,3,0
4,115,50,10,9,1,11,1,0,9,3,8,25,4,0,0,1,0,0,0,1,1,0,0,0,1,0,5
4,116,70,1,19,1,5,0,1,4,5,12,6,9,0,14,0,0,1,1,0,0,1,0,0,1,0,0
4,117,65,10,3,1,12,3,0,1,7,23,9,0,0,0,0,0,0,0,0,1,0,1,0,1,2,4
4,118,72,1,41,1,14,1,0,9,6,14,18,0,28,3,0,0,1,0,1,0,0,0,1,1,7,0
4,119,119,7,19,1,16,0,2,5,13,18,30,35,11,1,0,1,0,1,1,0,0,1,1,1,0,5
4,120,93,2,1,1,13,2,0,0,12,15,10,35,0,0,0,0,1,1,0,0,0,0,0,0,0,6
4,121,69,3,7,1,16,2,0,6,27,5,10,17,0,0,0,1,0,1,0,1,0,1,0,0,2,4
4,122,52,6,21,1,26,2,2,2,17,10,11,0,0,18,0,0,0,0,0,0,0,0,0,1,8,0
4,123,68,4,4,1,27,1,2,2,15,13,22,0,0,2,0,0,0,0,0,0,1,0,0,1,1,5
4,124,70,0,7,1,15,2,0,6,9,18,17,7,0,1,1,0,0,0,1,0,1,0,0,1,0,5
4,125,59,3,11,1,10,3,0,3,2,19,13,14,8,0,0,0,0,1,1,1,0,1,1,0,3,0
4,126,74,5,6,1,16,2,0,4,22,12,9,23,0,2,1,1,0,0,0,0,0,1,0,1,0,6
4,127,72,5,10,1,15,3,0,1,25,12,17,0,8,0,0,0,0,0,0,0,0,1,1,0,2,0
4,128,79,4,10,1,4,1,0,5,6,13,5,31,0,4,0,0,1,1,0,0,0,1,0,1,3,4
4,129,76,3,7,1,9,0,0,6,11,21,9,10,0,0,1,1,1,0,0,0,0,0,0,0,0,6
4,130,82,1,8,1,7,0,0,8,8,18,8,16,0,0,0,1,1,1,1,0,1,0,0,0,1,4
4,131,66,5,19,1,6,0,0,6,14,11,12,0,13,0,0,0,1,0,1,1,0,1,1,0,7,6
4,132,49,1,43,1,8,1,0,2,13,10,12,0,24,15,0,0,0,0,1,0,0,0,1,1,7,5
4,133,65,4,3,1,17,2,1,2,18,16,15,5,0,0,0,1,0,0,0,0,1,1,0,0,0,4
4,134,81,6,3,1,10,1,0,1,12,16,31,0,0,0,0,0,0,0,0,0,1,1,0,0,2,5
4,135,76,3,21,1,13,2,1,2,20,16,11,0,18,0,0,0,0,0,0,0,1,1,1,0,7,0
4,136,63,2,7,1,14,2,0,6,1,10,9,33,0,0,0,0,0,1,1,1,0,0,0,0,3,5
4,137,50,4,18,1,8,3,0,9,10,17,11,0,0,9,0,0,0,0,1,0,0,0,0,1,0,0
4,138,89,3,12,1,16,0,0,5,10,14,23,19,7,0,1,1,0,0,1,0,0,0,1,0,2,5
4,139,75,10,24,1,13,0,0,7,28,15,12,3,14,2,1,1,0,0,0,0,1,1,1,1,7,4
4,140,94,6,6,1,10,2,4,5,7,26,4,36,0,0,0,0,0,1,0,0,1,1,0,0,3,0
4,141,81,4,10,1,13,1,1,9,13,7,13,27,0,0,0,0,1,1,1,0,0,1,0,0,0,5
4,142,60,8,0,1,13,2,0,0,13,14,17,0,0,0,0,1,0,0,0,1,0,1,0,0,2,5
4,143,56,2,9,1,7,1,1,5,11,12,7,0,0,1,0,0,1,0,1,0,0,0,0,1,8,0
4,144,90,3,23,1,12,2,1,2,21,28,6,4,9,10,0,1,1,0,0,0,1,1,1,1,7,4
4,145,76,0,8,1,10,1,0,1,15,21,9,0,7,0,1,1,1,0,0,0,0,0,1,0,0,6
4,146,53,4,34,1,13,0,0,7,17,13,11,0,15,10,0,0,0,0,0,0,0,0,1,1,2,4
4,147,49,3,18,1,14,2,1,9,7,13,13,0,0,9,0,0,0,0,1,1,0,1,0,1,8,0
4,148,68,3,15,1,8,0,0,6,12,13,8,2,8,0,0,1,1,0,1,1,0,0,1,1,8,6
4,149,57,9,18,1,7,0,2,7,22,6,8,0,8,0,0,0,0,0,1,1,1,1,1,0,1,6
4,150,66,2,26,1,13,1,0,5,15,12,18,0,8,11,0,0,0,0,0,0,1,0,1,1,2,0
4,151,88,6,29,1,12,1,1,1,12,17,8,20,0,27,0,0,1,1,0,0,0,0,0,1,8,6
4,152,111,1,2,1,8,2,1,1,2,19,14,50,0,0,1,0,1,1,0,0,0,1,0,0,3,6
4,153,53,1,4,1,6,1,0,1,15,9,7,17,0,0,0,0,0,1,0,0,0,0,0,0,0,0
4,154,67,9,2,1,19,2,1,1,23,13,12,0,0,0,0,0,0,0,0,0,1,1,0,0,2,0
4,155,69,0,20,1,19,3,0,13,9,11,16,0,0,7,0,0,1,0,1,0,0,0,0,1,8,0
4,156,87,5,26,1,13,1,1,2,9,14,21,31,24,0,0,0,0,1,0,0,0,1,1,0,7,5
4,157,68,8,1,1,11,0,1,1,10,21,19,4,0,0,1,1,0,0,0,1,0,1,0,1,0,0
4,158,100,1,1,1,17,2,1,0,9,13,10,59,0,0,0,0,0,1,0,0,1,0,0,0,3,5
4,159,71,4,4,1,13,0,1,3,14,30,10,3,0,0,0,1,0,0,0,0,0,1,0,0,0,4
4,160,87,1,2,1,13,3,0,2,6,12,6,21,0,0,0,0,1,1,0,0,1,1,0,0,2,4
4,161,71,5,27,1,16,2,0,0,7,18,18,0,0,24,0,0,1,0,0,0,0,1,0,1,8,5
4,162,63,4,5,1,5,2,2,4,7,13,3,16,0,0,0,0,1,1,0,1,0,0,0,0,0,4
4,163,90,1,1,1,10,1,0,0,7,15,18,39,0,0,0,1,0,1,0,0,0,0,0,0,3,6
4,164,72,7,7,1,11,3,0,0,6,11,2,41,6,0,0,0,0,1,0,1,0,1,1,0,3,5
4,165,80,2,4,1,16,2,1,1,20,31,13,0,0,0,0,0,0,0,0,0,0,1,0,1,0,4
4,166,91,1,6,1,7,2,0,4,21,8,9,40,0,0,0,0,0,1,0,0,1,0,0,0,1,5
4,167,100,2,1,1,12,1,0,1,9,17,6,34,0,0,0,1,1,1,0,1,0,1,0,1,3,0
4,168,56,5,22,1,25,4,1,2,6,23,14,0,20,0,0,0,0,0,0,0,0,1,1,0,7,0
4,169,84,4,3,1,12,1,0,0,18,22,23,0,0,0,0,1,0,0,0,0,0,1,0,0,0,5
4,170,57,4,4,1,16,1,0,1,6,11,6,27,0,2,0,0,0,1,0,0,0,0,0,1,3,4
4,171,95,2,3,1,10,2,0,1,22,14,20,24,0,0,0,1,0,1,0,0,0,1,0,0,0,6
4,172,41,6,4,1,18,3,1,0,19,8,1,0,0,3,0,0,0,0,0,1,0,0,0,1,8,6
4,173,108,8,3,1,9,0,4,3,16,26,10,35,0,0,1,1,1,1,0,0,1,0,0,0,1,0
4,174,59,7,1,1,8,0,0,1,8,6,5,27,0,0,1,0,0,1,0,1,0,1,0,0,3,5
4,175,58,1,17,1,11,1,0,3,26,5,6,0,0,11,0,0,1,0,0,0,0,0,0,1,0,4
4,176,105,0,12,1,7,2,0,1,4,14,14,60,10,0,1,0,0,1,0,0,0,1,1,0,3,5
4,177,63,1,1,1,15,3,0,0,11,19,22,0,0,0,0,1,0,0,0,0,1,0,0,0,0,6
4,178,50,6,24,1,21,0,1,7,16,5,8,0,0,15,0,0,0,0,0,1,1,0,0,1,1,4
4,179,105,11,10,1,4,0,1,10,3,14,10,47,0,0,1,0,1,1,1,0,0,1,0,1,7,6
4,180,76,16,26,1,8,3,1,0,23,11,9,0,26,0,1,0,1,0,0,0,1,0,1,0,7,0
4,181,82,7,2,1,13,2,0,1,5,21,19,3,0,0,1,0,1,0,0,0,1,0,0,0,0,6
4,182,81,6,1,1,9,0,0,0,3,31,7,10,0,0,1,1,1,0,0,1,0,0,0,0,2,5
4,183,68,1,13,1,6,0,0,2,29,14,7,0,0,8,0,0,0,0,0,0,1,0,0,1,8,0
4,184,75,4,20,1,10,0,0,10,1,24,19,0,0,9,0,0,1,0,1,0,0,1,0,1,8,5
4,185,77,2,6,1,10,2,0,1,11,19,18,21,0,4,0,1,0,1,1,0,0,1,0,1,0,5
4,186,69,2,28,1,6,2,1,6,16,34,5,0,18,2,1,0,0,0,1,0,0,0,1,1,7,4
4,187,48,7,35,1,12,2,0,9,15,9,14,0,10,14,0,0,0,0,1,1,0,1,1,1,0,6
4,188,82,4,2,1,4,0,0,2,14,13,9,4,0,0,0,1,1,0,1,0,0,0,0,0,0,6
4,189,77,6,2,1,10,1,0,1,13,17,34,0,0,0,0,1,0,0,0,1,1,1,0,0,2,5
4,190,77,1,27,1,18,2,1,6,5,11,27,0,0,20,0,0,1,0,0,0,1,0,0,1,8,5
4,191,109,5,6,1,11,2,0,4,19,26,20,14,0,0,0,1,1,1,1,0,0,1,0,1,0,6
4,192,85,3,27,1,8,3,1,1,29,9,18,20,9,16,0,1,0,1,0,0,0,1,1,1,8,0
4,193,51,7,3,1,31,3,0,2,23,9,11,0,0,0,0,0,0,0,0,0,0,1,0,0,0,0
4,194,84,4,12,1,9,2,1,3,9,18,18,20,0,7,0,0,0,1,0,0,1,1,0,1,3,5
4,195,47,5,7,1,16,0,0,5,13,8,12,0,0,0,0,0,0,0,0,1,1,0,0,0,0,0
4,196,123,1,13,1,13,2,0,6,27,26,14,20,0,6,0,1,1,1,1,1,1,1,0,1,8,0
4,197,96,6,4,1,5,0,0,3,9,14,6,29,0,0,1,0,1,1,0,0,1,0,0,1,1,4
4,198,65,5,32,1,10,2,2,7,7,12,12,14,18,7,0,0,1,1,0,1,0,0,1,1,7,5
4,199,65,3,11,1,9,3,1,2,12,16,17,0,8,0,0,0,0,0,0,0,1,0,1,0,0,4
4,200,64,9,7,1,13,2,0,0,12,19,19,3,0,7,1,0,0,0,0,0,0,1,0,1,8,5
4,201,72,4,17,1,16,3,2,6,21,15,18,0,8,2,0,0,0,0,1,1,1,1,1,1,1,4
4,202,90,0,21,1,12,2,0,1,17,11,16,0,16,0,0,0,1,0,0,0,0,1,1,0,7,0
4,203,70,0,14,1,4,1,0,14,3,10,11,14,0,0,0,0,1,1,1,0,0,0,0,0,0,5
4,204,79,6,6,1,14,1,3,2,18,17,3,0,0,2,0,0,1,0,0,0,0,1,0,1,0,0
4,205,77,0,10,1,7,0,0,4,7,22,10,13,0,6,1,1,1,0,0,0,0,1,0,1,2,5
4,206,85,4,34,1,10,3,2,7,26,19,20,0,26,0,0,0,0,0,1,0,1,1,1,0,7,4
4,207,88,5,11,1,9,0,1,0,7,27,10,40,10,0,0,1,0,1,0,1,0,0,1,0,0,6
4,208,84,7,3,1,13,0,1,1,16,13,9,0,0,2,0,1,1,0,0,1,1,0,0,1,1,5
4,209,67,2,39,1,13,1,2,9,24,11,9,0,27,0,0,0,0,0,0,0,1,1,1,0,7,0
4,210,59,16,1,1,5,0,0,0,10,3,10,26,0,0,1,0,0,1,0,1,1,1,0,0,0,5
4,211,77,5,2,1,5,0,0,0,6,19,15,0,0,0,0,0,1,0,0,0,0,0,0,0,2,0
4,212,87,3,3,1,16,0,1,2,16,22,30,0,0,0,0,1,0,0,0,0,1,1,0,0,2,5
4,213,70,1,56,1,7,2,0,5,16,23,14,0,16,32,0,0,0,0,0,0,1,0,1,1,8,0
4,214,62,3,3,1,6,1,3,2,23,9,14,0,0,0,0,0,0,0,0,0,1,0,0,0,1,4
4,215,79,4,28,1,7,1,2,8,24,18,23,3,20,0,1,0,0,0,0,0,1,1,1,0,7,0
4,216,75,0,6,0,6,0,0,6,6,21,14,6,0,0,1,1,1,0,1,0,0,1,0,0,2,0
4,217,57,6,23,1,21,0,0,1,16,8,4,0,15,7,0,0,1,0,0,1,0,0,1,1,7,4
4,218,80,5,3,1,21,1,1,2,18,16,13,4,0,0,1,0,0,0,0,0,1,0,0,0,1,0
4,219,86,4,3,1,17,2,0,1,22,19,10,7,0,0,0,1,1,0,0,0,0,1,0,0,2,0
4,220,62,2,2,1,9,0,0,1,15,8,2,24,0,0,0,0,0,1,0,0,0,1,0,0,3,6
4,221,87,2,7,1,10,0,1,7,18,10,10,22,0,0,0,0,1,1,0,0,0,1,0,1,0,4
4,222,60,2,11,1,21,2,0,9,9,20,9,8,0,0,0,1,0,0,1,0,0,0,0,1,2,0
4,223,60,4,24,1,16,2,0,4,8,11,23,0,20,0,0,0,1,0,1,1,0,1,1,0,7,5
4,224,67,5,30,1,13,0,1,2,9,15,17,0,9,19,0,0,1,0,0,0,0,0,1,1,8,5
4,225,104,2,9,0,4,0,0,9,14,32,15,15,0,0,1,1,1,1,1,0,0,1,0,0,0,0
4,226,74,2,0,1,5,2,0,0,22,11,6,16,0,0,0,1,0,1,0,0,1,1,0,0,2,0
4,227,38,7,1,1,17,1,0,0,8,9,13,2,0,0,1,0,0,0,0,1,0,0,0,0,0,0
4,228,97,5,27,1,19,0,1,1,22,21,13,0,25,0,0,0,1,0,0,0,1,1,1,0,7,6
4,229,95,1,17,1,8,2,0,2,12,8,9,47,9,4,0,0,0,1,0,0,0,1,1,1,0,4
4,230,92,3,6,1,2,1,0,6,12,17,9,25,0,0,0,0,1,1,1,0,0,1,0,0,3,6
4,231,79,2,15,1,24,1,0,8,8,9,10,41,6,0,0,0,0,1,0,1,1,0,1,1,0,4
4,232,63,7,14,1,17,5,1,2,30,10,12,0,0,10,0,0,0,0,0,0,0,1,0,1,0,4
4,233,83,1,26,1,5,1,0,5,14,18,10,5,8,10,1,0,1,0,0,0,0,1,1,1,2,4
4,234,73,2,23,1,3,2,0,7,20,11,9,26,9,6,0,0,0,1,1,0,1,0,1,1,8,0
4,235,62,1,14,1,10,2,1,1,3,23,16,0,12,0,0,0,0,0,1,0,0,0,1,0,0,0
4,236,61,2,7,1,15,2,0,7,6,19,19,0,0,0,0,0,0,0,1,1,0,1,0,1,0,5
4,237,64,12,7,1,13,2,0,0,9,15,5,22,7,0,1,0,0,1,0,1,0,1,1,0,2,5
4,238,51,6,18,1,21,2,0,5,13,18,10,0,7,4,0,0,0,0,0,0,0,1,1,1,8,6
4,239,54,6,2,1,12,2,2,1,7,20,13,9,0,0,0,1,0,1,0,1,0,0,0,0,0,4
4,240,70,5,3,1,11,2,2,2,15,11,14,0,0,0,0,0,1,0,0,1,0,1,0,0,0,5
4,241,100,3,2,1,15,1,0,1,21,32,4,27,0,0,1,1,0,1,0,1,0,0,0,0,3,0
4,242,73,5,4,1,22,4,1,3,16,10,20,0,0,0,1,0,1,0,0,0,0,0,0,0,0,5
4,243,55,2,2,1,8,1,0,1,6,11,17,0,0,0,0,0,0,0,0,0,1,0,0,0,1,0
4,244,61,5,3,1,16,2,4,2,11,16,17,0,0,0,0,0,0,0,0,0,1,0,0,0,1,5
4,245,76,2,30,1,9,3,0,1,17,16,3,0,26,0,0,0,1,0,0,0,1,0,1,0,7,0
4,246,63,7,12,1,18,1,4,9,8,12,16,0,0,0,0,0,0,0,1,0,0,1,0,0,0,4
4,247,90,2,14,1,10,0,1,5,9,9,20,39,9,0,0,1,0,1,1,1,1,1,1,0,3,0
4,248,89,8,11,1,6,1,1,2,16,19,18,0,9,0,1,0,1,0,0,0,1,1,1,0,2,5
4,249,89,3,19,1,14,2,1,3,23,33,10,3,0,14,0,1,0,0,0,0,1,1,0,1,8,0
4,250,70,8,7,1,6,0,0,6,10,23,13,7,0,0,1,0,0,0,1,0,1,1,0,0,1,5
4,251,65,7,17,1,10,1,0,9,15,20,5,0,8,0,0,0,0,0,1,0,1,0,1,0,7,0
4,252,56,2,14,1,3,0,1,7,6,15,1,29,7,0,0,0,0,1,1,0,0,0,1,0,3,0
4,253,62,9,6,1,11,0,1,5,9,12,19,0,0,0,0,0,0,0,0,1,1,0,0,0,0,6
4,254,84,3,10,1,10,1,0,2,16,22,10,9,8,0,1,1,1,0,0,0,0,0,1,0,2,5
4,255,75,4,4,1,13,2,2,0,13,15,30,0,0,4,0,0,0,0,0,0,1,1,0,1,8,5
4,256,71,4,2,1,11,3,0,0,8,13,10,29,0,0,0,0,0,1,0,0,0,1,0,0,0,6
