floor,source,item,role,floors_present,sample_floors,presence_percent,avg_pickups_per_floor,avg_units_per_floor,avg_units_per_pickup
1,ground,Medkit,survival,181,256,70.703125,0.76171875,0.76171875,1.0
1,ground,Bandage,survival,151,256,58.984375,0.671875,1.44921875,2.1569767441860463
1,ground,Bandaid,oddity,4,256,1.5625,0.015625,0.078125,5.0
1,ground,Buckler,combat,28,256,10.9375,0.1171875,0.1171875,1.0
1,ground,Bow,combat,66,256,25.78125,0.2890625,0.2890625,1.0
1,ground,Ammo,utility,256,256,100.0,1.84765625,1.85546875,1.0042283298097252
1,ground,Bomb,combat,23,256,8.984375,0.08984375,0.1796875,2.0
1,ground,Sleep Meds,combat,20,256,7.8125,0.08203125,0.24609375,3.0
1,ground,Stick,combat,256,256,100.0,1.2578125,1.2578125,1.0
1,ground,Bear Trap,combat,25,256,9.765625,0.1015625,0.203125,2.0
1,ground,Pickaxe,mobility,94,256,36.71875,0.48046875,0.48046875,1.0
1,ground,Raw Meat,utility,23,256,8.984375,0.08984375,0.10546875,1.173913043478261
1,ground,Cooked Meat,survival,21,256,8.203125,0.08984375,0.1796875,2.0
1,ground,Throwing Rock,combat,35,256,13.671875,0.15625,0.46875,3.0
1,ground,Hatchet,combat,125,256,48.828125,0.62890625,0.62890625,1.0
1,ground,Hunting Spear,combat,35,256,13.671875,0.1484375,0.1484375,1.0
1,ground,Crossbow,combat,7,256,2.734375,0.02734375,0.02734375,1.0
1,ground,Wooden Maul,combat,35,256,13.671875,0.14453125,0.14453125,1.0
1,ground,Rake,utility,107,256,41.796875,0.484375,0.484375,1.0
1,ground,Flint Knife,combat,61,256,23.828125,0.2890625,0.2890625,1.0
1,ground,Torch,combat,124,256,48.4375,0.65625,0.65625,1.0
1,ground,Lighter,utility,64,256,25.0,0.26953125,0.26953125,1.0
1,ground,Oil flask,utility,14,256,5.46875,0.05859375,0.078125,1.3333333333333333
1,ground,Sap jar,combat,44,256,17.1875,0.1953125,0.34765625,1.78
1,ground,Water flask,survival,97,256,37.890625,0.46484375,0.9296875,2.0
1,ground,Mushroom spores,combat,80,256,31.25,0.359375,0.71875,2.0
1,ground,Smoke pot,combat,19,256,7.421875,0.07421875,0.1484375,2.0
1,ground,Honey pot,utility,16,256,6.25,0.0625,0.0625,1.0
1,ground,Egg,utility,7,256,2.734375,0.02734375,0.08203125,3.0
1,ground,Fried Egg,survival,31,256,12.109375,0.1328125,0.265625,2.0
1,ground,Digging Claws,combat,42,256,16.40625,0.18359375,0.18359375,1.0
1,ground,Resin Glue,utility,51,256,19.921875,0.21875,0.21875,1.0
1,ground,Seed Bag,combat,38,256,14.84375,0.15625,0.15625,1.0
1,ground,Lantern Seed,oddity,11,256,4.296875,0.04296875,0.04296875,1.0
1,ground,Herb Bag,survival,91,256,35.546875,0.39453125,0.39453125,1.0
1,ground,Splint,utility,16,256,6.25,0.0703125,0.0703125,1.0
1,ground,Bitter Root,utility,8,256,3.125,0.03125,0.03125,1.0
1,ground,Chili,utility,18,256,7.03125,0.0703125,0.0703125,1.0
1,ground,Fungal Bread,survival,123,256,48.046875,0.62109375,0.7734375,1.2452830188679245
1,ground,Bird Seed,utility,65,256,25.390625,0.2734375,0.3046875,1.1142857142857143
1,ground,Thorn Caltrops,combat,26,256,10.15625,0.1171875,0.20703125,1.7666666666666666
1,ground,Hunting Horn,combat,24,256,9.375,0.09375,0.09375,1.0
1,ground,Rope Hook,mobility,45,256,17.578125,0.18359375,0.18359375,1.0
1,ground,Root Drill,mobility,38,256,14.84375,0.1484375,0.1484375,1.0
1,ground,Boomerang,combat,21,256,8.203125,0.0859375,0.0859375,1.0
1,ground,Rope Snare,combat,22,256,8.59375,0.0859375,0.171875,2.0
1,ground,Spring Trap,combat,3,256,1.171875,0.01171875,0.0234375,2.0
1,ground,Acorn Mine,combat,3,256,1.171875,0.01171875,0.0234375,2.0
1,ground,Throwing Net,combat,25,256,9.765625,0.1015625,0.203125,2.0
1,ground,Sticky Boots,survival,14,256,5.46875,0.05859375,0.05859375,1.0
1,ground,Firecracker,utility,28,256,10.9375,0.15234375,0.3125,2.051282051282051
1,ground,Stink Bomb,oddity,4,256,1.5625,0.015625,0.03125,2.0
1,ground,Rotten Fruit,oddity,3,256,1.171875,0.01171875,0.03515625,3.0
1,ground,Pitch Bomb,combat,19,256,7.421875,0.078125,0.15625,2.0
1,ground,Shield Lantern,combat,26,256,10.15625,0.10546875,0.10546875,1.0
1,ground,Reflecting Pan,combat,21,256,8.203125,0.09375,0.09375,1.0
1,ground,Scarecrow,utility,4,256,1.5625,0.015625,0.015625,1.0
1,ground,Straw Decoy,combat,18,256,7.03125,0.0703125,0.0703125,1.0
1,ground,Wolf Whistle,utility,3,256,1.171875,0.01171875,0.01171875,1.0
1,ground,Fishing Line,utility,54,256,21.09375,0.23046875,0.23046875,1.0
1,ground,River Fish,survival,197,256,76.953125,2.12109375,8.2265625,3.8784530386740332
1,wall,Medkit,survival,3,256,1.171875,0.01171875,0.01171875,1.0
1,wall,Bandage,survival,7,256,2.734375,0.02734375,0.08203125,3.0
1,wall,Buckler,combat,3,256,1.171875,0.01171875,0.01171875,1.0
1,wall,Bow,combat,8,256,3.125,0.03125,0.03125,1.0
1,wall,Bomb,combat,3,256,1.171875,0.01171875,0.0234375,2.0
1,wall,Sleep Meds,combat,1,256,0.390625,0.00390625,0.01171875,3.0
1,wall,Stick,combat,11,256,4.296875,0.04296875,0.04296875,1.0
1,wall,Bear Trap,combat,4,256,1.5625,0.015625,0.03125,2.0
1,wall,Pickaxe,mobility,13,256,5.078125,0.05078125,0.05078125,1.0
1,wall,Cooked Meat,survival,20,256,7.8125,0.078125,0.15625,2.0
1,wall,Throwing Rock,combat,15,256,5.859375,0.0625,0.1875,3.0
1,wall,Hatchet,combat,11,256,4.296875,0.04296875,0.04296875,1.0
1,wall,Hunting Spear,combat,6,256,2.34375,0.0234375,0.0234375,1.0
1,wall,Wooden Maul,combat,6,256,2.34375,0.0234375,0.0234375,1.0
1,wall,Flint Knife,combat,13,256,5.078125,0.05078125,0.05078125,1.0
1,wall,Torch,combat,6,256,2.34375,0.0234375,0.0234375,1.0
1,wall,Sap jar,combat,8,256,3.125,0.03125,0.0625,2.0
1,wall,Water flask,survival,10,256,3.90625,0.0390625,0.078125,2.0
1,wall,Mushroom spores,combat,8,256,3.125,0.03125,0.0625,2.0
1,wall,Smoke pot,combat,3,256,1.171875,0.01171875,0.0234375,2.0
1,wall,Fried Egg,survival,15,256,5.859375,0.05859375,0.1171875,2.0
1,wall,Digging Claws,combat,5,256,1.953125,0.01953125,0.01953125,1.0
1,wall,Seed Bag,combat,9,256,3.515625,0.03515625,0.03515625,1.0
1,wall,Herb Bag,survival,4,256,1.5625,0.015625,0.015625,1.0
1,wall,Fungal Bread,survival,4,256,1.5625,0.015625,0.015625,1.0
1,wall,Thorn Caltrops,combat,3,256,1.171875,0.01171875,0.0234375,2.0
1,wall,Hunting Horn,combat,5,256,1.953125,0.01953125,0.01953125,1.0
1,wall,Rope Hook,mobility,3,256,1.171875,0.01171875,0.01171875,1.0
1,wall,Boomerang,combat,2,256,0.78125,0.0078125,0.0078125,1.0
1,wall,Rope Snare,combat,3,256,1.171875,0.01171875,0.0234375,2.0
1,wall,Sticky Boots,survival,4,256,1.5625,0.015625,0.015625,1.0
1,wall,Pitch Bomb,combat,3,256,1.171875,0.01171875,0.0234375,2.0
1,wall,Shield Lantern,combat,1,256,0.390625,0.00390625,0.00390625,1.0
1,wall,Reflecting Pan,combat,8,256,3.125,0.03125,0.03125,1.0
1,wall,Straw Decoy,combat,3,256,1.171875,0.01171875,0.01171875,1.0
1,stored,Medkit,survival,1,256,0.390625,0.00390625,0.00390625,1.0
1,stored,Bandage,survival,2,256,0.78125,0.0078125,0.0234375,3.0
1,stored,Bandaid,oddity,1,256,0.390625,0.00390625,0.01953125,5.0
1,stored,Buckler,combat,2,256,0.78125,0.0078125,0.0078125,1.0
1,stored,Bomb,combat,1,256,0.390625,0.00390625,0.0078125,2.0
1,stored,Sleep Meds,combat,2,256,0.78125,0.0078125,0.0234375,3.0
1,stored,Stick,combat,1,256,0.390625,0.00390625,0.00390625,1.0
1,stored,Cooked Meat,survival,1,256,0.390625,0.00390625,0.0078125,2.0
1,stored,Hatchet,combat,1,256,0.390625,0.00390625,0.00390625,1.0
1,stored,Rake,utility,1,256,0.390625,0.00390625,0.00390625,1.0
1,stored,Flint Knife,combat,3,256,1.171875,0.01171875,0.01171875,1.0
1,stored,Torch,combat,2,256,0.78125,0.0078125,0.0078125,1.0
1,stored,Lighter,utility,2,256,0.78125,0.0078125,0.0078125,1.0
1,stored,Sap jar,combat,4,256,1.5625,0.015625,0.03125,2.0
1,stored,Water flask,survival,1,256,0.390625,0.00390625,0.0078125,2.0
1,stored,Mushroom spores,combat,5,256,1.953125,0.01953125,0.0390625,2.0
1,stored,Smoke pot,combat,1,256,0.390625,0.00390625,0.0078125,2.0
1,stored,Honey pot,utility,2,256,0.78125,0.0078125,0.0078125,1.0
1,stored,Egg,utility,1,256,0.390625,0.00390625,0.01171875,3.0
1,stored,Digging Claws,combat,1,256,0.390625,0.00390625,0.00390625,1.0
1,stored,Resin Glue,utility,2,256,0.78125,0.0078125,0.0078125,1.0
1,stored,Seed Bag,combat,5,256,1.953125,0.01953125,0.01953125,1.0
1,stored,Splint,utility,2,256,0.78125,0.0078125,0.0078125,1.0
1,stored,Bitter Root,utility,1,256,0.390625,0.00390625,0.00390625,1.0
1,stored,Chili,utility,1,256,0.390625,0.00390625,0.00390625,1.0
1,stored,Fungal Bread,survival,3,256,1.171875,0.01171875,0.01171875,1.0
1,stored,Bird Seed,utility,1,256,0.390625,0.00390625,0.01171875,3.0
1,stored,Thorn Caltrops,combat,1,256,0.390625,0.00390625,0.0078125,2.0
1,stored,Rope Snare,combat,1,256,0.390625,0.00390625,0.0078125,2.0
1,stored,Pitch Bomb,combat,1,256,0.390625,0.00390625,0.0078125,2.0
1,stored,Reflecting Pan,combat,1,256,0.390625,0.00390625,0.00390625,1.0
1,carried,Buckler,combat,25,256,9.765625,0.1796875,0.1796875,1.0
2,ground,Medkit,survival,181,256,70.703125,0.7265625,0.7265625,1.0
2,ground,Bandage,survival,146,256,57.03125,0.6796875,1.45703125,2.1436781609195403
2,ground,Bandaid,oddity,4,256,1.5625,0.015625,0.078125,5.0
2,ground,Buckler,combat,21,256,8.203125,0.08203125,0.08203125,1.0
2,ground,Bow,combat,82,256,32.03125,0.375,0.375,1.0
2,ground,Ammo,utility,256,256,100.0,2.3671875,2.390625,1.00990099009901
2,ground,Bomb,combat,21,256,8.203125,0.08203125,0.1640625,2.0
2,ground,Sleep Meds,combat,17,256,6.640625,0.0703125,0.2109375,3.0
2,ground,Stick,combat,256,256,100.0,1.3046875,1.3046875,1.0
2,ground,Bear Trap,combat,25,256,9.765625,0.1015625,0.203125,2.0
2,ground,Pickaxe,mobility,109,256,42.578125,0.546875,0.546875,1.0
2,ground,Raw Meat,utility,31,256,12.109375,0.125,0.16015625,1.28125
2,ground,Cooked Meat,survival,24,256,9.375,0.09765625,0.1953125,2.0
2,ground,Throwing Rock,combat,43,256,16.796875,0.18359375,0.55078125,3.0
2,ground,Hatchet,combat,147,256,57.421875,0.78125,0.78125,1.0
2,ground,Hunting Spear,combat,27,256,10.546875,0.1171875,0.1171875,1.0
2,ground,Crossbow,combat,46,256,17.96875,0.1953125,0.1953125,1.0
2,ground,Blunderbuss,combat,3,256,1.171875,0.01171875,0.01171875,1.0
2,ground,Wooden Maul,combat,35,256,13.671875,0.13671875,0.13671875,1.0
2,ground,Rake,utility,111,256,43.359375,0.51953125,0.51953125,1.0
2,ground,Flint Knife,combat,77,256,30.078125,0.37109375,0.37109375,1.0
2,ground,Torch,combat,180,256,70.3125,1.08203125,1.08203125,1.0
2,ground,Lighter,utility,60,256,23.4375,0.28125,0.28125,1.0
2,ground,Oil flask,utility,13,256,5.078125,0.05078125,0.06640625,1.3076923076923077
2,ground,Sap jar,combat,54,256,21.09375,0.23046875,0.43359375,1.88135593220339
2,ground,Water flask,survival,87,256,33.984375,0.3828125,0.765625,2.0
2,ground,Mushroom spores,combat,83,256,32.421875,0.34765625,0.6953125,2.0
2,ground,Smoke pot,combat,19,256,7.421875,0.07421875,0.1484375,2.0
2,ground,Honey pot,utility,26,256,10.15625,0.1015625,0.1015625,1.0
2,ground,Egg,utility,3,256,1.171875,0.01171875,0.03515625,3.0
2,ground,Fried Egg,survival,25,256,9.765625,0.1015625,0.203125,2.0
2,ground,Digging Claws,combat,62,256,24.21875,0.28515625,0.28515625,1.0
2,ground,Resin Glue,utility,54,256,21.09375,0.23046875,0.23046875,1.0
2,ground,Seed Bag,combat,56,256,21.875,0.234375,0.234375,1.0
2,ground,Lantern Seed,oddity,14,256,5.46875,0.0546875,0.0546875,1.0
2,ground,Herb Bag,survival,90,256,35.15625,0.39453125,0.39453125,1.0
2,ground,Splint,utility,26,256,10.15625,0.109375,0.109375,1.0
2,ground,Bitter Root,utility,22,256,8.59375,0.0859375,0.0859375,1.0
2,ground,Chili,utility,23,256,8.984375,0.08984375,0.08984375,1.0
2,ground,Fungal Bread,survival,119,256,46.484375,0.6171875,0.83203125,1.3481012658227849
2,ground,Bird Seed,utility,59,256,23.046875,0.25,0.296875,1.1875
2,ground,Thorn Caltrops,combat,33,256,12.890625,0.1328125,0.22265625,1.6764705882352942
2,ground,Hunting Horn,combat,25,256,9.765625,0.09765625,0.09765625,1.0
2,ground,Rope Hook,mobility,86,256,33.59375,0.36328125,0.36328125,1.0
2,ground,Root Drill,mobility,72,256,28.125,0.28515625,0.28515625,1.0
2,ground,Blink Seed,mobility,5,256,1.953125,0.01953125,0.0390625,2.0
2,ground,Boomerang,combat,24,256,9.375,0.10546875,0.10546875,1.0
2,ground,Rope Snare,combat,29,256,11.328125,0.12109375,0.2421875,2.0
2,ground,Spring Trap,combat,21,256,8.203125,0.0859375,0.171875,2.0
2,ground,Acorn Mine,combat,18,256,7.03125,0.07421875,0.1484375,2.0
2,ground,Throwing Net,combat,58,256,22.65625,0.23046875,0.4609375,2.0
2,ground,Sticky Boots,survival,13,256,5.078125,0.05078125,0.05078125,1.0
2,ground,Rabbit Charm,mobility,2,256,0.78125,0.0078125,0.0078125,1.0
2,ground,Hand Bell,oddity,5,256,1.953125,0.01953125,0.01953125,1.0
2,ground,Firecracker,utility,56,256,21.875,0.30859375,0.62890625,2.037974683544304
2,ground,Stink Bomb,oddity,2,256,0.78125,0.0078125,0.015625,2.0
2,ground,Rotten Fruit,oddity,2,256,0.78125,0.0078125,0.0234375,3.0
2,ground,Pitch Bomb,combat,23,256,8.984375,0.10546875,0.2109375,2.0
2,ground,Shield Lantern,combat,16,256,6.25,0.06640625,0.06640625,1.0
2,ground,Reflecting Pan,combat,15,256,5.859375,0.0625,0.0625,1.0
2,ground,Scarecrow,utility,5,256,1.953125,0.01953125,0.01953125,1.0
2,ground,Straw Decoy,combat,23,256,8.984375,0.09375,0.09375,1.0
2,ground,Wolf Whistle,utility,3,256,1.171875,0.01171875,0.01171875,1.0
2,ground,Thunder Acorn,combat,13,256,5.078125,0.05078125,0.1015625,2.0
2,ground,Pocket Door,mobility,8,256,3.125,0.03125,0.03125,1.0
2,ground,Fishing Line,utility,43,256,16.796875,0.17578125,0.17578125,1.0
2,ground,River Fish,survival,193,256,75.390625,1.91015625,7.609375,3.983640081799591
2,wall,Medkit,survival,11,256,4.296875,0.04296875,0.04296875,1.0
2,wall,Bandage,survival,8,256,3.125,0.03515625,0.10546875,3.0
2,wall,Buckler,combat,1,256,0.390625,0.00390625,0.00390625,1.0
2,wall,Bow,combat,8,256,3.125,0.03125,0.03125,1.0
2,wall,Bomb,combat,2,256,0.78125,0.0078125,0.015625,2.0
2,wall,Sleep Meds,combat,2,256,0.78125,0.0078125,0.0234375,3.0
2,wall,Stick,combat,8,256,3.125,0.03125,0.03125,1.0
2,wall,Bear Trap,combat,4,256,1.5625,0.015625,0.03125,2.0
2,wall,Pickaxe,mobility,6,256,2.34375,0.0234375,0.0234375,1.0
2,wall,Cooked Meat,survival,10,256,3.90625,0.0390625,0.078125,2.0
2,wall,Throwing Rock,combat,7,256,2.734375,0.02734375,0.08203125,3.0
2,wall,Hatchet,combat,14,256,5.46875,0.0546875,0.0546875,1.0
2,wall,Hunting Spear,combat,3,256,1.171875,0.01171875,0.01171875,1.0
2,wall,Crossbow,combat,3,256,1.171875,0.01171875,0.01171875,1.0
2,wall,Wooden Maul,combat,8,256,3.125,0.03515625,0.03515625,1.0
2,wall,Flint Knife,combat,11,256,4.296875,0.04296875,0.04296875,1.0
2,wall,Torch,combat,9,256,3.515625,0.03515625,0.03515625,1.0
2,wall,Sap jar,combat,11,256,4.296875,0.046875,0.09375,2.0
2,wall,Water flask,survival,7,256,2.734375,0.02734375,0.0546875,2.0
2,wall,Mushroom spores,combat,7,256,2.734375,0.02734375,0.0546875,2.0
2,wall,Smoke pot,combat,5,256,1.953125,0.01953125,0.0390625,2.0
2,wall,Fried Egg,survival,9,256,3.515625,0.03515625,0.0703125,2.0
2,wall,Digging Claws,combat,3,256,1.171875,0.01171875,0.01171875,1.0
2,wall,Seed Bag,combat,13,256,5.078125,0.05078125,0.05078125,1.0
2,wall,Herb Bag,survival,3,256,1.171875,0.01171875,0.01171875,1.0
2,wall,Fungal Bread,survival,7,256,2.734375,0.02734375,0.02734375,1.0
2,wall,Thorn Caltrops,combat,3,256,1.171875,0.01171875,0.0234375,2.0
2,wall,Hunting Horn,combat,3,256,1.171875,0.01171875,0.01171875,1.0
2,wall,Rope Hook,mobility,5,256,1.953125,0.01953125,0.01953125,1.0
2,wall,Boomerang,combat,4,256,1.5625,0.015625,0.015625,1.0
2,wall,Rope Snare,combat,3,256,1.171875,0.01171875,0.0234375,2.0
2,wall,Spring Trap,combat,3,256,1.171875,0.01171875,0.0234375,2.0
2,wall,Acorn Mine,combat,6,256,2.34375,0.0234375,0.046875,2.0
2,wall,Throwing Net,combat,4,256,1.5625,0.015625,0.03125,2.0
2,wall,Sticky Boots,survival,5,256,1.953125,0.01953125,0.01953125,1.0
2,wall,Pitch Bomb,combat,1,256,0.390625,0.00390625,0.0078125,2.0
2,wall,Shield Lantern,combat,2,256,0.78125,0.0078125,0.0078125,1.0
2,wall,Reflecting Pan,combat,4,256,1.5625,0.015625,0.015625,1.0
2,wall,Straw Decoy,combat,4,256,1.5625,0.015625,0.015625,1.0
2,stored,Bandaid,oddity,1,256,0.390625,0.00390625,0.01953125,5.0
2,stored,Buckler,combat,2,256,0.78125,0.0078125,0.0078125,1.0
2,stored,Bow,combat,5,256,1.953125,0.01953125,0.01953125,1.0
2,stored,Ammo,utility,1,256,0.390625,0.00390625,0.0078125,2.0
2,stored,Bomb,combat,2,256,0.78125,0.0078125,0.015625,2.0
2,stored,Sleep Meds,combat,2,256,0.78125,0.0078125,0.0234375,3.0
2,stored,Stick,combat,4,256,1.5625,0.015625,0.015625,1.0
2,stored,Bear Trap,combat,1,256,0.390625,0.00390625,0.0078125,2.0
2,stored,Pickaxe,mobility,1,256,0.390625,0.00390625,0.00390625,1.0
2,stored,Throwing Rock,combat,4,256,1.5625,0.015625,0.046875,3.0
2,stored,Hatchet,combat,2,256,0.78125,0.0078125,0.0078125,1.0
2,stored,Crossbow,combat,2,256,0.78125,0.0078125,0.0078125,1.0
2,stored,Wooden Maul,combat,1,256,0.390625,0.00390625,0.00390625,1.0
2,stored,Rake,utility,1,256,0.390625,0.00390625,0.00390625,1.0
2,stored,Flint Knife,combat,4,256,1.5625,0.015625,0.015625,1.0
2,stored,Lighter,utility,1,256,0.390625,0.00390625,0.00390625,1.0
2,stored,Oil flask,utility,1,256,0.390625,0.00390625,0.0078125,2.0
2,stored,Sap jar,combat,1,256,0.390625,0.00390625,0.0078125,2.0
2,stored,Water flask,survival,2,256,0.78125,0.0078125,0.015625,2.0
2,stored,Mushroom spores,combat,2,256,0.78125,0.0078125,0.015625,2.0
2,stored,Egg,utility,3,256,1.171875,0.01171875,0.03515625,3.0
2,stored,Fried Egg,survival,4,256,1.5625,0.015625,0.03125,2.0
2,stored,Resin Glue,utility,2,256,0.78125,0.0078125,0.0078125,1.0
2,stored,Seed Bag,combat,4,256,1.5625,0.015625,0.015625,1.0
2,stored,Splint,utility,1,256,0.390625,0.00390625,0.00390625,1.0
2,stored,Bitter Root,utility,1,256,0.390625,0.00390625,0.00390625,1.0
2,stored,Fungal Bread,survival,2,256,0.78125,0.0078125,0.0078125,1.0
2,stored,Rope Hook,mobility,1,256,0.390625,0.00390625,0.00390625,1.0
2,stored,Rope Snare,combat,2,256,0.78125,0.0078125,0.015625,2.0
2,stored,Spring Trap,combat,1,256,0.390625,0.00390625,0.0078125,2.0
2,stored,Rotten Fruit,oddity,1,256,0.390625,0.00390625,0.01171875,3.0
2,stored,Reflecting Pan,combat,1,256,0.390625,0.00390625,0.00390625,1.0
2,stored,Scarecrow,utility,1,256,0.390625,0.00390625,0.00390625,1.0
2,stored,Straw Decoy,combat,1,256,0.390625,0.00390625,0.00390625,1.0
2,carried,Buckler,combat,84,256,32.8125,0.91796875,0.91796875,1.0
3,ground,Medkit,survival,205,256,80.078125,0.84765625,0.84765625,1.0
3,ground,Bandage,survival,208,256,81.25,1.26953125,2.6796875,2.1107692307692307
3,ground,Bandaid,oddity,3,256,1.171875,0.01171875,0.05859375,5.0
3,ground,Buckler,combat,27,256,10.546875,0.10546875,0.10546875,1.0
3,ground,Bow,combat,75,256,29.296875,0.359375,0.359375,1.0
3,ground,Ammo,utility,256,256,100.0,2.77734375,2.79296875,1.0056258790436006
3,ground,Bomb,combat,22,256,8.59375,0.08984375,0.1796875,2.0
3,ground,Sleep Meds,combat,20,256,7.8125,0.078125,0.234375,3.0
3,ground,Stick,combat,256,256,100.0,1.2421875,1.2421875,1.0
3,ground,Bear Trap,combat,28,256,10.9375,0.11328125,0.2265625,2.0
3,ground,Pickaxe,mobility,111,256,43.359375,0.55078125,0.55078125,1.0
3,ground,Raw Meat,utility,19,256,7.421875,0.07421875,0.09375,1.263157894736842
3,ground,Cooked Meat,survival,25,256,9.765625,0.10546875,0.2109375,2.0
3,ground,Throwing Rock,combat,39,256,15.234375,0.171875,0.515625,3.0
3,ground,Hatchet,combat,129,256,50.390625,0.7109375,0.7109375,1.0
3,ground,Hunting Spear,combat,43,256,16.796875,0.1796875,0.1796875,1.0
3,ground,Crossbow,combat,32,256,12.5,0.1328125,0.1328125,1.0
3,ground,Blunderbuss,combat,38,256,14.84375,0.15625,0.15625,1.0
3,ground,Wooden Maul,combat,46,256,17.96875,0.19140625,0.19140625,1.0
3,ground,Rake,utility,106,256,41.40625,0.5078125,0.5078125,1.0
3,ground,Flint Knife,combat,80,256,31.25,0.375,0.375,1.0
3,ground,Torch,combat,180,256,70.3125,1.140625,1.140625,1.0
3,ground,Lighter,utility,70,256,27.34375,0.3203125,0.3203125,1.0
3,ground,Oil flask,utility,20,256,7.8125,0.078125,0.09375,1.2
3,ground,Sap jar,combat,53,256,20.703125,0.23046875,0.41796875,1.8135593220338984
3,ground,Water flask,survival,83,256,32.421875,0.37890625,0.7578125,2.0
3,ground,Mushroom spores,combat,87,256,33.984375,0.40234375,0.8046875,2.0
3,ground,Smoke pot,combat,20,256,7.8125,0.078125,0.15625,2.0
3,ground,Honey pot,utility,16,256,6.25,0.0625,0.0625,1.0
3,ground,Egg,utility,5,256,1.953125,0.01953125,0.05859375,3.0
3,ground,Fried Egg,survival,25,256,9.765625,0.1015625,0.203125,2.0
3,ground,Digging Claws,combat,49,256,19.140625,0.203125,0.203125,1.0
3,ground,Resin Glue,utility,44,256,17.1875,0.17578125,0.17578125,1.0
3,ground,Seed Bag,combat,51,256,19.921875,0.20703125,0.20703125,1.0
3,ground,Lantern Seed,oddity,15,256,5.859375,0.05859375,0.05859375,1.0
3,ground,Herb Bag,survival,119,256,46.484375,0.58984375,0.58984375,1.0
3,ground,Splint,utility,22,256,8.59375,0.08984375,0.08984375,1.0
3,ground,Bitter Root,utility,21,256,8.203125,0.08203125,0.08203125,1.0
3,ground,Chili,utility,19,256,7.421875,0.07421875,0.07421875,1.0
3,ground,Fungal Bread,survival,146,256,57.03125,0.859375,1.125,1.309090909090909
3,ground,Bird Seed,utility,71,256,27.734375,0.28515625,0.32421875,1.1369863013698631
3,ground,Thorn Caltrops,combat,29,256,11.328125,0.11328125,0.203125,1.793103448275862
3,ground,Hunting Horn,combat,25,256,9.765625,0.11328125,0.11328125,1.0
3,ground,Rope Hook,mobility,81,256,31.640625,0.359375,0.359375,1.0
3,ground,Root Drill,mobility,73,256,28.515625,0.30078125,0.30078125,1.0
3,ground,Blink Seed,mobility,19,256,7.421875,0.07421875,0.1484375,2.0
3,ground,Boomerang,combat,21,256,8.203125,0.08203125,0.08203125,1.0
3,ground,Rope Snare,combat,35,256,13.671875,0.140625,0.28125,2.0
3,ground,Spring Trap,combat,22,256,8.59375,0.08984375,0.1796875,2.0
3,ground,Acorn Mine,combat,15,256,5.859375,0.05859375,0.1171875,2.0
3,ground,Throwing Net,combat,68,256,26.5625,0.29296875,0.5859375,2.0
3,ground,Sticky Boots,survival,8,256,3.125,0.03125,0.03125,1.0
3,ground,Rabbit Charm,mobility,24,256,9.375,0.09375,0.09375,1.0
3,ground,Hand Bell,oddity,5,256,1.953125,0.01953125,0.01953125,1.0
3,ground,Firecracker,utility,48,256,18.75,0.26171875,0.55078125,2.1044776119402986
3,ground,Stink Bomb,oddity,3,256,1.171875,0.01171875,0.0234375,2.0
3,ground,Rotten Fruit,oddity,1,256,0.390625,0.00390625,0.01171875,3.0
3,ground,Pitch Bomb,combat,21,256,8.203125,0.0859375,0.171875,2.0
3,ground,Shield Lantern,combat,22,256,8.59375,0.08984375,0.08984375,1.0
3,ground,Reflecting Pan,combat,22,256,8.59375,0.09375,0.09375,1.0
3,ground,Scarecrow,utility,3,256,1.171875,0.01171875,0.01171875,1.0
3,ground,Straw Decoy,combat,17,256,6.640625,0.06640625,0.06640625,1.0
3,ground,Wolf Whistle,utility,3,256,1.171875,0.01171875,0.01171875,1.0
3,ground,Thunder Acorn,combat,21,256,8.203125,0.0859375,0.171875,2.0
3,ground,Pocket Door,mobility,14,256,5.46875,0.0546875,0.0546875,1.0
3,ground,Fishing Line,utility,47,256,18.359375,0.2265625,0.2265625,1.0
3,ground,River Fish,survival,199,256,77.734375,2.0,8.0390625,4.01953125
3,wall,Medkit,survival,6,256,2.34375,0.0234375,0.0234375,1.0
3,wall,Bandage,survival,17,256,6.640625,0.06640625,0.19921875,3.0
3,wall,Buckler,combat,2,256,0.78125,0.0078125,0.0078125,1.0
3,wall,Bow,combat,11,256,4.296875,0.046875,0.046875,1.0
3,wall,Bomb,combat,2,256,0.78125,0.0078125,0.015625,2.0
3,wall,Sleep Meds,combat,6,256,2.34375,0.0234375,0.0703125,3.0
3,wall,Stick,combat,8,256,3.125,0.03125,0.03125,1.0
3,wall,Bear Trap,combat,3,256,1.171875,0.01171875,0.0234375,2.0
3,wall,Pickaxe,mobility,11,256,4.296875,0.04296875,0.04296875,1.0
3,wall,Cooked Meat,survival,13,256,5.078125,0.05078125,0.1015625,2.0
3,wall,Throwing Rock,combat,15,256,5.859375,0.05859375,0.17578125,3.0
3,wall,Hatchet,combat,11,256,4.296875,0.04296875,0.04296875,1.0
3,wall,Hunting Spear,combat,5,256,1.953125,0.01953125,0.01953125,1.0
3,wall,Crossbow,combat,3,256,1.171875,0.01171875,0.01171875,1.0
3,wall,Blunderbuss,combat,2,256,0.78125,0.0078125,0.0078125,1.0
3,wall,Wooden Maul,combat,8,256,3.125,0.03125,0.03125,1.0
3,wall,Flint Knife,combat,8,256,3.125,0.03515625,0.03515625,1.0
3,wall,Torch,combat,7,256,2.734375,0.02734375,0.02734375,1.0
3,wall,Sap jar,combat,15,256,5.859375,0.05859375,0.1171875,2.0
3,wall,Water flask,survival,12,256,4.6875,0.046875,0.09375,2.0
3,wall,Mushroom spores,combat,15,256,5.859375,0.0625,0.125,2.0
3,wall,Smoke pot,combat,3,256,1.171875,0.01171875,0.0234375,2.0
3,wall,Fried Egg,survival,12,256,4.6875,0.05078125,0.1015625,2.0
3,wall,Digging Claws,combat,3,256,1.171875,0.01171875,0.01171875,1.0
3,wall,Seed Bag,combat,11,256,4.296875,0.04296875,0.04296875,1.0
3,wall,Herb Bag,survival,2,256,0.78125,0.0078125,0.0078125,1.0
3,wall,Fungal Bread,survival,2,256,0.78125,0.0078125,0.0078125,1.0
3,wall,Thorn Caltrops,combat,4,256,1.5625,0.015625,0.03125,2.0
3,wall,Hunting Horn,combat,5,256,1.953125,0.01953125,0.01953125,1.0
3,wall,Rope Hook,mobility,4,256,1.5625,0.015625,0.015625,1.0
3,wall,Blink Seed,mobility,2,256,0.78125,0.0078125,0.015625,2.0
3,wall,Boomerang,combat,3,256,1.171875,0.01171875,0.01171875,1.0
3,wall,Rope Snare,combat,4,256,1.5625,0.015625,0.03125,2.0
3,wall,Spring Trap,combat,3,256,1.171875,0.01171875,0.0234375,2.0
3,wall,Acorn Mine,combat,3,256,1.171875,0.01171875,0.0234375,2.0
3,wall,Throwing Net,combat,3,256,1.171875,0.01171875,0.0234375,2.0
3,wall,Sticky Boots,survival,5,256,1.953125,0.01953125,0.01953125,1.0
3,wall,Rabbit Charm,mobility,2,256,0.78125,0.01171875,0.01171875,1.0
3,wall,Pitch Bomb,combat,6,256,2.34375,0.0234375,0.046875,2.0
3,wall,Shield Lantern,combat,1,256,0.390625,0.00390625,0.00390625,1.0
3,wall,Reflecting Pan,combat,4,256,1.5625,0.015625,0.015625,1.0
3,wall,Straw Decoy,combat,2,256,0.78125,0.0078125,0.0078125,1.0
3,wall,Thunder Acorn,combat,1,256,0.390625,0.00390625,0.0078125,2.0
3,wall,Pocket Door,mobility,1,256,0.390625,0.00390625,0.00390625,1.0
3,stored,Medkit,survival,2,256,0.78125,0.0078125,0.0078125,1.0
3,stored,Bandage,survival,6,256,2.34375,0.0234375,0.0703125,3.0
3,stored,Bandaid,oddity,2,256,0.78125,0.0078125,0.0390625,5.0
3,stored,Buckler,combat,1,256,0.390625,0.00390625,0.00390625,1.0
3,stored,Bow,combat,8,256,3.125,0.03125,0.03125,1.0
3,stored,Ammo,utility,2,256,0.78125,0.0078125,0.015625,2.0
3,stored,Bomb,combat,4,256,1.5625,0.015625,0.03125,2.0
3,stored,Sleep Meds,combat,2,256,0.78125,0.0078125,0.0234375,3.0
3,stored,Stick,combat,2,256,0.78125,0.0078125,0.0078125,1.0
3,stored,Bear Trap,combat,2,256,0.78125,0.0078125,0.015625,2.0
3,stored,Pickaxe,mobility,3,256,1.171875,0.01171875,0.01171875,1.0
3,stored,Raw Meat,utility,2,256,0.78125,0.0078125,0.015625,2.0
3,stored,Cooked Meat,survival,5,256,1.953125,0.01953125,0.0390625,2.0
3,stored,Throwing Rock,combat,2,256,0.78125,0.0078125,0.0234375,3.0
3,stored,Hatchet,combat,4,256,1.5625,0.01953125,0.01953125,1.0
3,stored,Hunting Spear,combat,1,256,0.390625,0.00390625,0.00390625,1.0
3,stored,Crossbow,combat,3,256,1.171875,0.01171875,0.01171875,1.0
3,stored,Blunderbuss,combat,1,256,0.390625,0.00390625,0.00390625,1.0
3,stored,Wooden Maul,combat,1,256,0.390625,0.00390625,0.00390625,1.0
3,stored,Rake,utility,4,256,1.5625,0.015625,0.015625,1.0
3,stored,Flint Knife,combat,4,256,1.5625,0.015625,0.015625,1.0
3,stored,Torch,combat,10,256,3.90625,0.0390625,0.0390625,1.0
3,stored,Lighter,utility,4,256,1.5625,0.01953125,0.01953125,1.0
3,stored,Oil flask,utility,4,256,1.5625,0.015625,0.03125,2.0
3,stored,Sap jar,combat,3,256,1.171875,0.01171875,0.0234375,2.0
3,stored,Water flask,survival,6,256,2.34375,0.0234375,0.046875,2.0
3,stored,Mushroom spores,combat,2,256,0.78125,0.0078125,0.015625,2.0
3,stored,Smoke pot,combat,1,256,0.390625,0.00390625,0.0078125,2.0
3,stored,Honey pot,utility,1,256,0.390625,0.00390625,0.00390625,1.0
3,stored,Egg,utility,3,256,1.171875,0.01171875,0.03515625,3.0
3,stored,Fried Egg,survival,4,256,1.5625,0.015625,0.03125,2.0
3,stored,Digging Claws,combat,2,256,0.78125,0.0078125,0.0078125,1.0
3,stored,Resin Glue,utility,2,256,0.78125,0.0078125,0.0078125,1.0
3,stored,Seed Bag,combat,4,256,1.5625,0.015625,0.015625,1.0
3,stored,Herb Bag,survival,1,256,0.390625,0.00390625,0.00390625,1.0
3,stored,Splint,utility,2,256,0.78125,0.0078125,0.0078125,1.0
3,stored,Bitter Root,utility,1,256,0.390625,0.00390625,0.00390625,1.0
3,stored,Chili,utility,1,256,0.390625,0.00390625,0.00390625,1.0
3,stored,Bird Seed,utility,5,256,1.953125,0.01953125,0.05859375,3.0
3,stored,Hunting Horn,combat,1,256,0.390625,0.00390625,0.00390625,1.0
3,stored,Rope Hook,mobility,1,256,0.390625,0.00390625,0.00390625,1.0
3,stored,Root Drill,mobility,1,256,0.390625,0.00390625,0.00390625,1.0
3,stored,Blink Seed,mobility,1,256,0.390625,0.00390625,0.0078125,2.0
3,stored,Boomerang,combat,1,256,0.390625,0.00390625,0.00390625,1.0
3,stored,Spring Trap,combat,2,256,0.78125,0.0078125,0.015625,2.0
3,stored,Acorn Mine,combat,1,256,0.390625,0.00390625,0.0078125,2.0
3,stored,Rabbit Charm,mobility,1,256,0.390625,0.00390625,0.00390625,1.0
3,stored,Firecracker,utility,1,256,0.390625,0.00390625,0.01171875,3.0
3,stored,Stink Bomb,oddity,1,256,0.390625,0.00390625,0.0078125,2.0
3,stored,Rotten Fruit,oddity,3,256,1.171875,0.01171875,0.03515625,3.0
3,stored,Shield Lantern,combat,2,256,0.78125,0.0078125,0.0078125,1.0
3,stored,Scarecrow,utility,1,256,0.390625,0.00390625,0.00390625,1.0
3,stored,Straw Decoy,combat,1,256,0.390625,0.00390625,0.00390625,1.0
3,stored,Wolf Whistle,utility,2,256,0.78125,0.0078125,0.0078125,1.0
3,stored,Pocket Door,mobility,1,256,0.390625,0.00390625,0.00390625,1.0
3,carried,Buckler,combat,177,256,69.140625,1.6875,1.6875,1.0
4,ground,Medkit,survival,177,256,69.140625,0.75,0.75,1.0
4,ground,Bandage,survival,179,256,69.921875,1.046875,2.1953125,2.0970149253731343
4,ground,Bandaid,oddity,1,256,0.390625,0.00390625,0.01953125,5.0
4,ground,Buckler,combat,21,256,8.203125,0.08203125,0.08203125,1.0
4,ground,Bow,combat,74,256,28.90625,0.37109375,0.37109375,1.0
4,ground,Ammo,utility,256,256,100.0,3.3671875,3.390625,1.0069605568445477
4,ground,Bomb,combat,20,256,7.8125,0.08203125,0.1640625,2.0
4,ground,Sleep Meds,combat,24,256,9.375,0.09765625,0.29296875,3.0
4,ground,Stick,combat,256,256,100.0,1.35546875,1.35546875,1.0
4,ground,Bear Trap,combat,27,256,10.546875,0.1171875,0.234375,2.0
4,ground,Pickaxe,mobility,101,256,39.453125,0.52734375,0.52734375,1.0
4,ground,Raw Meat,utility,21,256,8.203125,0.08203125,0.09375,1.1428571428571428
4,ground,Cooked Meat,survival,27,256,10.546875,0.12109375,0.2421875,2.0
4,ground,Throwing Rock,combat,34,256,13.28125,0.1328125,0.3984375,3.0
4,ground,Hatchet,combat,126,256,49.21875,0.75,0.75,1.0
4,ground,Hunting Spear,combat,48,256,18.75,0.19921875,0.19921875,1.0
4,ground,Crossbow,combat,43,256,16.796875,0.18359375,0.18359375,1.0
4,ground,Blunderbuss,combat,32,256,12.5,0.13671875,0.13671875,1.0
4,ground,Wooden Maul,combat,32,256,12.5,0.140625,0.140625,1.0
4,ground,Rake,utility,105,256,41.015625,0.515625,0.515625,1.0
4,ground,Flint Knife,combat,91,256,35.546875,0.41796875,0.41796875,1.0
4,ground,Torch,combat,178,256,69.53125,1.06640625,1.06640625,1.0
4,ground,Lighter,utility,75,256,29.296875,0.33984375,0.33984375,1.0
4,ground,Oil flask,utility,13,256,5.078125,0.05078125,0.0703125,1.3846153846153846
4,ground,Sap jar,combat,53,256,20.703125,0.2265625,0.41015625,1.8103448275862069
4,ground,Water flask,survival,97,256,37.890625,0.4140625,0.828125,2.0
4,ground,Mushroom spores,combat,79,256,30.859375,0.39453125,0.7890625,2.0
4,ground,Smoke pot,combat,15,256,5.859375,0.05859375,0.1171875,2.0
4,ground,Honey pot,utility,23,256,8.984375,0.08984375,0.08984375,1.0
4,ground,Egg,utility,9,256,3.515625,0.03515625,0.10546875,3.0
4,ground,Fried Egg,survival,21,256,8.203125,0.08203125,0.1640625,2.0
4,ground,Digging Claws,combat,57,256,22.265625,0.24609375,0.24609375,1.0
4,ground,Resin Glue,utility,55,256,21.484375,0.23828125,0.23828125,1.0
4,ground,Seed Bag,combat,52,256,20.3125,0.23046875,0.23046875,1.0
4,ground,Lantern Seed,oddity,21,256,8.203125,0.08203125,0.08203125,1.0
4,ground,Herb Bag,survival,141,256,55.078125,0.7421875,0.7421875,1.0
4,ground,Splint,utility,24,256,9.375,0.09765625,0.09765625,1.0
4,ground,Bitter Root,utility,18,256,7.03125,0.0703125,0.0703125,1.0
4,ground,Chili,utility,19,256,7.421875,0.078125,0.078125,1.0
4,ground,Fungal Bread,survival,160,256,62.5,0.94140625,1.15625,1.2282157676348548
4,ground,Bird Seed,utility,74,256,28.90625,0.3125,0.359375,1.15
4,ground,Thorn Caltrops,combat,29,256,11.328125,0.11328125,0.17578125,1.5517241379310345
4,ground,Hunting Horn,combat,15,256,5.859375,0.05859375,0.05859375,1.0
4,ground,Rope Hook,mobility,82,256,32.03125,0.3671875,0.3671875,1.0
4,ground,Root Drill,mobility,78,256,30.46875,0.31640625,0.31640625,1.0
4,ground,Blink Seed,mobility,10,256,3.90625,0.0390625,0.078125,2.0
4,ground,Boomerang,combat,15,256,5.859375,0.05859375,0.05859375,1.0
4,ground,Rope Snare,combat,35,256,13.671875,0.140625,0.28125,2.0
4,ground,Spring Trap,combat,19,256,7.421875,0.07421875,0.1484375,2.0
4,ground,Acorn Mine,combat,17,256,6.640625,0.06640625,0.1328125,2.0
4,ground,Throwing Net,combat,54,256,21.09375,0.2265625,0.453125,2.0
4,ground,Sticky Boots,survival,8,256,3.125,0.03515625,0.03515625,1.0
4,ground,Rabbit Charm,mobility,13,256,5.078125,0.0546875,0.0546875,1.0
4,ground,Hand Bell,oddity,5,256,1.953125,0.01953125,0.01953125,1.0
4,ground,Firecracker,utility,56,256,21.875,0.34375,0.69921875,2.034090909090909
4,ground,Stink Bomb,oddity,2,256,0.78125,0.0078125,0.015625,2.0
4,ground,Rotten Fruit,oddity,5,256,1.953125,0.01953125,0.05859375,3.0
4,ground,Pitch Bomb,combat,27,256,10.546875,0.109375,0.21875,2.0
4,ground,Shield Lantern,combat,15,256,5.859375,0.05859375,0.05859375,1.0
4,ground,Reflecting Pan,combat,12,256,4.6875,0.046875,0.046875,1.0
4,ground,Scarecrow,utility,5,256,1.953125,0.01953125,0.01953125,1.0
4,ground,Straw Decoy,combat,26,256,10.15625,0.1015625,0.1015625,1.0
4,ground,Wolf Whistle,utility,7,256,2.734375,0.02734375,0.02734375,1.0
4,ground,Thunder Acorn,combat,12,256,4.6875,0.046875,0.09375,2.0
4,ground,Pocket Door,mobility,13,256,5.078125,0.05078125,0.05078125,1.0
4,ground,Fishing Line,utility,61,256,23.828125,0.26953125,0.26953125,1.0
4,ground,Borrowed Summer,survival,1,256,0.390625,0.00390625,0.00390625,1.0
4,ground,River Fish,survival,191,256,74.609375,1.86328125,7.35546875,3.947589098532495
4,wall,Medkit,survival,9,256,3.515625,0.03515625,0.03515625,1.0
4,wall,Bandage,survival,12,256,4.6875,0.046875,0.140625,3.0
4,wall,Buckler,combat,7,256,2.734375,0.02734375,0.02734375,1.0
4,wall,Bow,combat,6,256,2.34375,0.02734375,0.02734375,1.0
4,wall,Bomb,combat,5,256,1.953125,0.01953125,0.0390625,2.0
4,wall,Sleep Meds,combat,3,256,1.171875,0.01171875,0.03515625,3.0
4,wall,Stick,combat,11,256,4.296875,0.04296875,0.04296875,1.0
4,wall,Bear Trap,combat,3,256,1.171875,0.01171875,0.0234375,2.0
4,wall,Pickaxe,mobility,15,256,5.859375,0.05859375,0.05859375,1.0
4,wall,Cooked Meat,survival,12,256,4.6875,0.046875,0.09375,2.0
4,wall,Throwing Rock,combat,15,256,5.859375,0.05859375,0.17578125,3.0
4,wall,Hatchet,combat,11,256,4.296875,0.04296875,0.04296875,1.0
4,wall,Crossbow,combat,3,256,1.171875,0.01171875,0.01171875,1.0
4,wall,Blunderbuss,combat,5,256,1.953125,0.01953125,0.01953125,1.0
4,wall,Wooden Maul,combat,4,256,1.5625,0.015625,0.015625,1.0
4,wall,Flint Knife,combat,11,256,4.296875,0.04296875,0.04296875,1.0
4,wall,Torch,combat,5,256,1.953125,0.01953125,0.01953125,1.0
4,wall,Sap jar,combat,13,256,5.078125,0.05078125,0.1015625,2.0
4,wall,Water flask,survival,11,256,4.296875,0.04296875,0.0859375,2.0
4,wall,Mushroom spores,combat,14,256,5.46875,0.0546875,0.109375,2.0
4,wall,Smoke pot,combat,4,256,1.5625,0.015625,0.03125,2.0
4,wall,Fried Egg,survival,10,256,3.90625,0.04296875,0.0859375,2.0
4,wall,Digging Claws,combat,8,256,3.125,0.03125,0.03125,1.0
4,wall,Seed Bag,combat,12,256,4.6875,0.046875,0.046875,1.0
4,wall,Herb Bag,survival,3,256,1.171875,0.01171875,0.01171875,1.0
4,wall,Fungal Bread,survival,5,256,1.953125,0.01953125,0.01953125,1.0
4,wall,Thorn Caltrops,combat,5,256,1.953125,0.01953125,0.0390625,2.0
4,wall,Hunting Horn,combat,4,256,1.5625,0.015625,0.015625,1.0
4,wall,Rope Hook,mobility,9,256,3.515625,0.03515625,0.03515625,1.0
4,wall,Blink Seed,mobility,1,256,0.390625,0.00390625,0.0078125,2.0
4,wall,Boomerang,combat,4,256,1.5625,0.01953125,0.01953125,1.0
4,wall,Rope Snare,combat,8,256,3.125,0.03125,0.0625,2.0
4,wall,Spring Trap,combat,3,256,1.171875,0.015625,0.03125,2.0
4,wall,Acorn Mine,combat,3,256,1.171875,0.01171875,0.0234375,2.0
4,wall,Throwing Net,combat,4,256,1.5625,0.015625,0.03125,2.0
4,wall,Sticky Boots,survival,5,256,1.953125,0.01953125,0.01953125,1.0
4,wall,Rabbit Charm,mobility,1,256,0.390625,0.00390625,0.00390625,1.0
4,wall,Pitch Bomb,combat,4,256,1.5625,0.015625,0.03125,2.0
4,wall,Shield Lantern,combat,3,256,1.171875,0.01171875,0.01171875,1.0
4,wall,Reflecting Pan,combat,4,256,1.5625,0.015625,0.015625,1.0
4,wall,Straw Decoy,combat,3,256,1.171875,0.01171875,0.01171875,1.0
4,wall,Thunder Acorn,combat,1,256,0.390625,0.00390625,0.0078125,2.0
4,stored,Bandage,survival,7,256,2.734375,0.02734375,0.08203125,3.0
4,stored,Bandaid,oddity,1,256,0.390625,0.00390625,0.01953125,5.0
4,stored,Bow,combat,33,256,12.890625,0.1328125,0.1328125,1.0
4,stored,Ammo,utility,5,256,1.953125,0.01953125,0.0390625,2.0
4,stored,Bomb,combat,3,256,1.171875,0.01171875,0.0234375,2.0
4,stored,Sleep Meds,combat,2,256,0.78125,0.0078125,0.0234375,3.0
4,stored,Stick,combat,41,256,16.015625,0.16796875,0.16796875,1.0
4,stored,Bear Trap,combat,2,256,0.78125,0.0078125,0.015625,2.0
4,stored,Pickaxe,mobility,38,256,14.84375,0.15234375,0.15234375,1.0
4,stored,Raw Meat,utility,2,256,0.78125,0.0078125,0.015625,2.0
4,stored,Cooked Meat,survival,1,256,0.390625,0.00390625,0.0078125,2.0
4,stored,Throwing Rock,combat,3,256,1.171875,0.01171875,0.03515625,3.0
4,stored,Hatchet,combat,28,256,10.9375,0.109375,0.109375,1.0
4,stored,Hunting Spear,combat,10,256,3.90625,0.0390625,0.0390625,1.0
4,stored,Crossbow,combat,14,256,5.46875,0.0546875,0.0546875,1.0
4,stored,Blunderbuss,combat,14,256,5.46875,0.0546875,0.0546875,1.0
4,stored,Wooden Maul,combat,17,256,6.640625,0.06640625,0.06640625,1.0
4,stored,Rake,utility,5,256,1.953125,0.01953125,0.01953125,1.0
4,stored,Flint Knife,combat,37,256,14.453125,0.1484375,0.1484375,1.0
4,stored,Torch,combat,28,256,10.9375,0.109375,0.109375,1.0
4,stored,Lighter,utility,3,256,1.171875,0.01171875,0.01171875,1.0
4,stored,Oil flask,utility,6,256,2.34375,0.0234375,0.046875,2.0
4,stored,Sap jar,combat,5,256,1.953125,0.01953125,0.0390625,2.0
4,stored,Water flask,survival,4,256,1.5625,0.015625,0.03125,2.0
4,stored,Mushroom spores,combat,5,256,1.953125,0.01953125,0.0390625,2.0
4,stored,Smoke pot,combat,3,256,1.171875,0.01171875,0.0234375,2.0
4,stored,Egg,utility,5,256,1.953125,0.0234375,0.0703125,3.0
4,stored,Fried Egg,survival,2,256,0.78125,0.0078125,0.015625,2.0
4,stored,Digging Claws,combat,14,256,5.46875,0.0546875,0.0546875,1.0
4,stored,Resin Glue,utility,5,256,1.953125,0.01953125,0.01953125,1.0
4,stored,Seed Bag,combat,5,256,1.953125,0.01953125,0.01953125,1.0
4,stored,Lantern Seed,oddity,2,256,0.78125,0.0078125,0.0078125,1.0
4,stored,Splint,utility,2,256,0.78125,0.0078125,0.0078125,1.0
4,stored,Bitter Root,utility,3,256,1.171875,0.01171875,0.01171875,1.0
4,stored,Chili,utility,1,256,0.390625,0.00390625,0.00390625,1.0
4,stored,Fungal Bread,survival,4,256,1.5625,0.015625,0.015625,1.0
4,stored,Bird Seed,utility,2,256,0.78125,0.01171875,0.03515625,3.0
4,stored,Thorn Caltrops,combat,2,256,0.78125,0.0078125,0.015625,2.0
4,stored,Hunting Horn,combat,1,256,0.390625,0.00390625,0.00390625,1.0
4,stored,Rope Hook,mobility,1,256,0.390625,0.00390625,0.00390625,1.0
4,stored,Root Drill,mobility,1,256,0.390625,0.00390625,0.00390625,1.0
4,stored,Blink Seed,mobility,1,256,0.390625,0.00390625,0.0078125,2.0
4,stored,Boomerang,combat,1,256,0.390625,0.00390625,0.00390625,1.0
4,stored,Spring Trap,combat,3,256,1.171875,0.01171875,0.0234375,2.0
4,stored,Acorn Mine,combat,5,256,1.953125,0.01953125,0.0390625,2.0
4,stored,Sticky Boots,survival,2,256,0.78125,0.0078125,0.0078125,1.0
4,stored,Stink Bomb,oddity,1,256,0.390625,0.00390625,0.0078125,2.0
4,stored,Rotten Fruit,oddity,2,256,0.78125,0.0078125,0.0234375,3.0
4,stored,Pitch Bomb,combat,2,256,0.78125,0.0078125,0.015625,2.0
4,stored,Shield Lantern,combat,2,256,0.78125,0.0078125,0.0078125,1.0
4,stored,Reflecting Pan,combat,1,256,0.390625,0.00390625,0.00390625,1.0
4,stored,Scarecrow,utility,1,256,0.390625,0.00390625,0.00390625,1.0
4,stored,Straw Decoy,combat,2,256,0.78125,0.0078125,0.0078125,1.0
4,stored,Wolf Whistle,utility,2,256,0.78125,0.0078125,0.0078125,1.0
4,stored,Thunder Acorn,combat,1,256,0.390625,0.00390625,0.0078125,2.0
4,carried,Buckler,combat,187,256,73.046875,1.7265625,1.7265625,1.0
